stop_id,stop_name,stop_lat,stop_lon
632606,Adelsheim Nord,49.42149,9.392754
425440,Adelsheim Ost,49.403122,9.395127
640595,Affaltrach,49.137833,9.379012
123005,Aglasterhausen,49.350098,8.990838
606401,Aglasterhausen,49.350098,8.990838
61371,Albersweiler(Pfalz),49.218586,8.024059
353724,Albersweiler(Pfalz),49.218586,8.024059
7915,Albig,49.771374,8.116579
451438,Albig,49.771374,8.116579
156090,Albshausen,50.545715,8.434869
229503,Albshausen,50.545715,8.434869
223631,Albsheim(Eis),49.58075,8.179166
498788,Albsheim(Eis),49.58075,8.179166
347668,Allendorf(Dillkr),50.743813,8.185486
226013,Alsdorf(Westerw),50.78089,7.890486
528042,Alsenz,49.727493,7.817189
579134,Alsenz,49.727493,7.817189
283489,Alsfeld(Oberhess),50.75096,9.264297
340070,Alsheim,49.76553,8.342462
491607,Alsheim,49.76553,8.342462
54930,Altenbamberg,49.786858,7.830745
541305,Altenbamberg,49.786858,7.830745
366359,Altenfeld(Rhön),50.450897,9.849726
177656,Altenkirchen(Westerwald),50.684418,7.638257
143144,Altenseelbach,50.783836,7.992398
348464,Altenstadt(Hess),50.283314,8.943982
551447,Altenstadt(Hess),50.283314,8.943982
308375,Altenstadt-Höchst,50.269768,8.923418
651966,Altenstadt-Höchst,50.269768,8.923418
532205,Altenstadt-Lindheim,50.291237,8.978405
570115,Altenstadt-Lindheim,50.291237,8.978405
261586,Altheim(Hess),49.923332,8.890906
465216,Altheim(Hess),49.923332,8.890906
289307,Alzenau Burg,50.08793,9.07434
372332,Alzenau Burg,50.08793,9.07434
336583,Alzenau Nord,50.089443,9.051385
552789,Alzenau Nord,50.089443,9.051385
372928,Alzenau(Unterfr),50.088715,9.065603
621731,Alzenau(Unterfr),50.088715,9.065603
117594,Alzey,49.7502,8.109749
487768,Alzey,49.7502,8.109749
299985,Alzey Süd,49.738132,8.118732
630131,Alzey Süd,49.738132,8.118732
88717,Alzey West,49.74098,8.107255
649574,Alzey West,49.74098,8.107255
155247,Amorbach,49.64561,9.223147
249142,Amorbach,49.64561,9.223147
609227,Angersbach,50.630974,9.446944
39460,Annweiler am Trifels,49.205387,7.966149
352660,Annweiler am Trifels,49.205387,7.966149
405318,Annweiler-Sarnstall,49.208725,7.937192
494993,Annweiler-Sarnstall,49.208725,7.937192
521202,Anzefahr,50.845383,8.860173
107244,Arfurt(Lahn),50.406403,8.211079
623376,Arfurt(Lahn),50.406403,8.211079
543663,Armsheim,49.808372,8.074113
639548,Armsheim,49.808372,8.074113
145528,Aschaffenburg Hbf,49.980556,9.143697
630921,Aschaffenburg Hbf,49.980556,9.143697
68686,Aschaffenburg Hochschule,49.974445,9.160416
224977,Aschaffenburg Hochschule,49.974445,9.160416
510057,Aschaffenburg Süd,49.968464,9.152586
669149,Aschaffenburg Süd,49.968464,9.152586
35022,Asselheim,49.57622,8.161602
151711,Asselheim,49.57622,8.161602
360909,Assenheim(Oberhess),50.30494,8.812462
403804,Assenheim(Oberhess),50.30494,8.812462
525564,Au(Sieg),50.773766,7.656537
13149,"Auerbach(b Mosbach, Baden)",49.399563,9.223276
586693,"Auerbach(b Mosbach, Baden)",49.399563,9.223276
343325,Aumenau,50.400307,8.249234
448271,Aumenau,50.400307,8.249234
437116,Auringen-Medenbach,50.11361,8.332093
615531,Auringen-Medenbach,50.11361,8.332093
231523,Aßlar,50.588657,8.462756
639468,Aßlar,50.588657,8.462756
420252,Babenhausen Langstadt,49.922276,8.945733
561588,Babenhausen Langstadt,49.922276,8.945733
149783,Babenhausen(Hess),49.957962,8.957182
452400,Babenhausen(Hess),49.957962,8.957182
55770,Babstadt,49.240196,9.060708
341899,Babstadt,49.240196,9.060708
405774,Bacharach,50.056103,7.769523
576211,Bacharach,50.056103,7.769523
446161,Bad Camberg,50.296623,8.255051
539721,Bad Camberg,50.296623,8.255051
212224,Bad Dürkheim,49.460632,8.170701
640343,Bad Dürkheim,49.460632,8.170701
564784,Bad Dürkheim-Trift,49.466415,8.193072
569042,Bad Dürkheim-Trift,49.466415,8.193072
167866,Bad Ems,50.327652,7.728637
528205,Bad Ems,50.327652,7.728637
204307,Bad Ems West,50.330692,7.706039
539625,Bad Ems West,50.330692,7.706039
92665,Bad Friedrichshall Hbf,49.23157,9.199771
241773,Bad Friedrichshall Hbf,49.23157,9.199771
245471,Bad Friedrichshall-Kochendorf,49.218563,9.210985
411195,Bad Friedrichshall-Kochendorf,49.218563,9.210985
157737,Bad Hersfeld,50.869766,9.716581
426026,Bad Homburg,50.219906,8.620624
437043,Bad Homburg,50.219906,8.620624
123646,Bad Kreuznach,49.8424,7.866435
314258,Bad Kreuznach,49.8424,7.866435
385302,Bad König,49.73858,9.001539
471115,Bad König,49.73858,9.001539
421393,Bad König Zell,49.719707,8.99404
486710,Bad König Zell,49.719707,8.99404
403101,Bad Laasphe,50.929314,8.42072
209889,Bad Laasphe-Niederlaasphe,50.924324,8.442001
660694,Bad Mergentheim,49.49365,9.771662
209758,Bad Münster a Stein,49.813427,7.846989
364502,Bad Münster a Stein,49.813427,7.846989
315229,Bad Nauheim,50.367905,8.749334
447099,Bad Nauheim,50.367905,8.749334
355151,Bad Rappenau,49.237766,9.101529
379558,Bad Rappenau,49.237766,9.101529
501098,Bad Rappenau Kurpark,49.24037,9.113526
501632,Bad Rappenau Kurpark,49.24037,9.113526
511979,Bad Salzhausen,50.418762,8.979988
555055,Bad Salzhausen,50.418762,8.979988
94619,Bad Salzschlirf,50.626934,9.494484
150510,Bad Schönborn Süd,49.2,8.641924
242113,Bad Schönborn Süd,49.2,8.641924
116230,Bad Schönborn-Kronau,49.219345,8.646821
203658,Bad Schönborn-Kronau,49.219345,8.646821
11189,Bad Sobernheim,49.78285,7.649816
554364,Bad Sobernheim,49.78285,7.649816
119074,Bad Soden(Taunus),50.14296,8.504426
476984,Bad Soden(Taunus),50.14296,8.504426
611711,Bad Soden-Salmünster,50.280743,9.372053
555936,Bad Vilbel,50.188587,8.73956
661203,Bad Vilbel,50.188587,8.73956
253053,Bad Vilbel Süd,50.178585,8.733227
494226,Bad Vilbel Süd,50.178585,8.733227
235497,Bad Vilbel-Gronau,50.19153,8.783203
343220,Bad Vilbel-Gronau,50.19153,8.783203
408994,Bad Wimpfen,49.229744,9.167297
591100,Bad Wimpfen,49.229744,9.167297
218643,Bad Wimpfen Im Tal,49.229847,9.187046
650562,Bad Wimpfen Im Tal,49.229847,9.187046
42597,Bad Wimpfen-Hohenstadt,49.24254,9.138753
422274,Bad Wimpfen-Hohenstadt,49.24254,9.138753
377515,Bahnbrücken,49.119446,8.764854
423486,Bahnbrücken,49.119446,8.764854
231380,Balduinstein,50.34739,7.967609
583087,Balduinstein,50.34739,7.967609
7072,Bammental,49.35959,8.783685
314855,Bammental,49.35959,8.783685
148050,Bauerbach,49.073963,8.748153
425552,Bauerbach,49.073963,8.748153
342414,Bebra,50.969566,9.797788
367965,Beienheim,50.35913,8.821022
650556,Beienheim,50.35913,8.821022
66786,Bellheim Am Mühlbuckel,49.19264,8.297626
596090,Bellheim Am Mühlbuckel,49.19264,8.297626
74523,Bellheim Bf,49.188305,8.29456
351245,Bellheim Bf,49.188305,8.29456
75290,Bensheim,49.681328,8.616717
508994,Bensheim,49.681328,8.616717
333332,Bensheim-Auerbach,49.701557,8.613366
444736,Bensheim-Auerbach,49.701557,8.613366
184040,Berghausen(Pfalz),49.29545,8.406173
212044,Berghausen(Pfalz),49.29545,8.406173
43116,Berzhahn,50.53989,8.006031
472704,Berzhahn,50.53989,8.006031
49016,Betzdorf(Sieg),50.789295,7.87005
40404,Biblis,49.68888,8.450413
659552,Biblis,49.68888,8.450413
466646,Bickenbach(Bergstr),49.76038,8.603497
514992,Bickenbach(Bergstr),49.76038,8.603497
596380,Biebesheim,49.78198,8.473978
614357,Biebesheim,49.78198,8.473978
462377,Biedenkopf,50.90894,8.530353
140078,Biedenkopf Campus,50.915127,8.517706
614320,Biersdorf-Ort(Ww),50.748272,7.949036
465553,Binau,49.37259,9.083631
482315,Binau,49.37259,9.083631
51775,Bingen(Rhein) Hbf,49.968727,7.884263
549655,Bingen(Rhein) Hbf,49.968727,7.884263
79580,Bingen(Rhein) Stadt,49.969746,7.902985
248683,Bingen(Rhein) Stadt,49.969746,7.902985
248800,Bingen-Gaulsheim,49.96707,7.950983
378216,Bingen-Gaulsheim,49.96707,7.950983
578608,Birkelbach,51.020695,8.252865
207591,Birkenau,49.56104,8.708359
460720,Birkenau,49.56104,8.708359
677835,Birkenbringhausen,51.022373,8.744887
530090,Bitzfeld,49.187233,9.453222
249235,Blankenbach,50.065205,9.230064
665754,Blankenbach,50.065205,9.230064
15384,Blankenloch,49.06653,8.464729
248595,Blankenloch,49.06653,8.464729
76505,Blankenloch Kirche,49.064484,8.47132
196109,Blankenloch Kirche,49.065132,8.471544
273886,Blankenloch Kirche,49.064484,8.47132
287554,Blankenloch Kirche,49.065132,8.471544
69752,Blankenloch Mühlenweg,49.068607,8.47432
144221,Blankenloch Mühlenweg,49.068607,8.47432
401726,Blankenloch Mühlenweg,49.06883,8.474805
621257,Blankenloch Mühlenweg,49.06883,8.474805
14599,Blankenloch Nord,49.07328,8.467367
50654,Blankenloch Nord,49.074966,8.467538
51572,Blankenloch Nord,49.07328,8.467367
128716,Blankenloch Nord,49.073265,8.46787
467113,Blankenloch Nord,49.073265,8.46787
612413,Blankenloch Nord,49.074966,8.467538
3607,Blankenloch Süd,49.05765,8.467268
129566,Blankenloch Süd,49.05765,8.467268
389129,Blankenloch Süd,49.05702,8.466765
394921,Blankenloch Süd,49.05702,8.466765
29714,Blankenloch Tolna-Platz,49.06007,8.469227
159617,Blankenloch Tolna-Platz,49.060654,8.469604
243653,Blankenloch Tolna-Platz,49.060654,8.469604
600494,Blankenloch Tolna-Platz,49.06007,8.469227
187070,Blaufelden,49.296234,9.96768
416116,Bleichenbach(Oberh),50.320335,9.051582
488210,Bleichenbach(Oberh),50.320335,9.051582
224456,Bobenheim,49.58814,8.35032
496902,Bobenheim,49.58814,8.35032
330111,Bobstadt,49.66325,8.451786
345122,Bobstadt,49.66325,8.451786
465348,Bockenheim-Kindenheim,49.606953,8.188033
473891,Bockenheim-Kindenheim,49.606953,8.188033
1514,Bodenheim,49.929585,8.312491
636572,Bodenheim,49.929585,8.312491
183874,Boppard Hbf,50.231422,7.586014
666943,Boppard Hbf,50.231422,7.586014
1946,Boppard Süd,50.230198,7.595521
345902,Boppard Süd,50.230198,7.595521
617952,Boppard-Bad Salzig,50.20525,7.635481
627848,Boppard-Bad Salzig,50.20525,7.635481
11222,Boppard-Buchholz,50.2108,7.554876
238275,Boppard-Buchholz,50.2108,7.554876
342381,Boppard-Fleckertshöhe,50.197926,7.577889
671521,Boppard-Fleckertshöhe,50.197926,7.577889
579054,Boppard-Hirzenach,50.175076,7.648436
639590,Boppard-Hirzenach,50.175076,7.648436
429197,Brachbach,50.822067,7.941758
626913,Brandoberndorf,50.43162,8.493816
663428,Brandoberndorf,50.43162,8.493816
455933,Breitendiel,49.691383,9.225052
511426,Breitendiel,49.691383,9.225052
78311,Breitenstein (Pfalz),49.344475,8.001977
580037,Breitenstein (Pfalz),49.344475,8.001977
649902,"Breitscheidt(Altenkirchen, Ww)",50.748436,7.661486
493905,Bretzenheim(Nahe),49.874588,7.898692
516068,Bretzenheim(Nahe),49.874588,7.898692
141676,Bretzfeld,49.17274,9.440302
462485,Bruchenbrücken,50.30218,8.788489
554977,Bruchenbrücken,50.30218,8.788489
126490,Bruchköbel,50.186188,8.919293
517623,Bruchköbel,50.186188,8.919293
12242,Bruchsal,49.124622,8.589649
622298,Bruchsal,49.124622,8.589649
143832,Bruchsal Am Mantel,49.141182,8.56327
480631,Bruchsal Am Mantel,49.141182,8.56327
270457,Bruchsal Bildungszentrum,49.110348,8.574507
575071,Bruchsal Bildungszentrum,49.110348,8.574507
419399,Bruchsal Schlachthof,49.118927,8.609716
637384,Bruchsal Schlachthof,49.118927,8.609716
404946,Bruchsal Schloßgarten,49.13144,8.59406
664339,Bruchsal Schloßgarten,49.13144,8.59406
110057,Bruchsal Sportzentrum,49.135445,8.589941
183765,Bruchsal Sportzentrum,49.135445,8.589941
610848,Bruchsal Stegwiesen,49.136436,8.598199
647147,Bruchsal Stegwiesen,49.136436,8.598199
108152,Bruchsal Tunnelstraße,49.11955,8.594378
637158,Bruchsal Tunnelstraße,49.11955,8.594378
181321,Buchen Ost,49.519154,9.332137
621298,Buchen Ost,49.519154,9.332137
115727,Buchen(Odenw),49.52353,9.327179
130263,Buchen(Odenw),49.52353,9.327179
442475,Buchenau(Lahn),50.87061,8.601115
341900,Budenheim,50.026836,8.174062
445012,Budenheim,50.026836,8.174062
7967,Burbach(Kr Siegen),50.748966,8.077808
15874,Burg(Dillkr) Nord,50.699883,8.307686
2762,Burg-u. Nieder Gemünden,50.69089,9.047665
594841,Burghaun(Hünfeld),50.70055,9.727953
387991,Burgholzhausen v d H,50.257793,8.677106
393931,Burgholzhausen v d H,50.257793,8.677106
80824,Burgsinn,50.15032,9.656067
101195,Butzbach,50.431156,8.669517
319737,Butzbach,50.431156,8.669517
10465,Böckingen Sonnenbrunnen,49.140656,9.191198
88511,Böckingen Sonnenbrunnen,49.140656,9.191198
300578,Böckingen West,49.1393,9.165441
309141,Böckingen West,49.1393,9.165441
377476,Bödigheim,49.47593,9.317207
474562,Bödigheim,49.47593,9.317207
42326,Böhl-Iggelheim,49.37983,8.303602
135343,Böhl-Iggelheim,49.37983,8.303602
139211,Büches-Düdelsheim,50.29737,9.066751
555730,Büches-Düdelsheim,50.29737,9.066751
399378,Büdingen(Oberhess),50.28887,9.102598
410561,Büdingen(Oberhess),50.28887,9.102598
23837,Büdingen(Westerw),50.62475,7.895901
551317,Büdingen(Westerw),50.62475,7.895901
278855,Bürgeln,50.85375,8.817194
47536,Bürstadt,49.64509,8.45925
92841,Bürstadt,49.64509,8.45925
181699,Bürstadt,49.645767,8.458188
497707,Bürstadt,49.645767,8.458188
329985,Caldern,50.852943,8.670066
119246,Collenberg,49.771122,9.329719
397672,Collenberg,49.771122,9.329719
508754,Cölbe,50.84859,8.787963
639475,Daaden,50.74047,7.963642
554084,Dahlbruch,50.970432,8.053456
36398,Dahn,49.154556,7.771283
630048,Dahn,49.154556,7.771283
15418,Dallau,49.388077,9.18755
149818,Dallau,49.388077,9.18755
16087,Darmstadt Central Station (FlixTrain),49.872517,8.629379
132955,Darmstadt Central Station (FlixTrain),49.872517,8.629379
73803,Darmstadt Hbf,49.8725,8.629636
153377,Darmstadt Hbf,49.8725,8.629636
157262,Darmstadt Nord,49.892136,8.654311
570881,Darmstadt Nord,49.892136,8.654311
126124,Darmstadt Ost,49.874603,8.674023
144935,Darmstadt Ost,49.874603,8.674023
116719,Darmstadt Süd,49.855427,8.636586
131105,Darmstadt Süd,49.855427,8.636586
162149,Darmstadt TU-Lichtwiese,49.86093,8.687611
421018,Darmstadt TU-Lichtwiese,49.86093,8.687611
359287,Darmstadt-Arheilgen,49.913414,8.645554
665761,Darmstadt-Arheilgen,49.913414,8.645554
437234,Darmstadt-Eberstadt,49.813923,8.62582
529239,Darmstadt-Eberstadt,49.813923,8.62582
296416,Darmstadt-Kranichstein,49.906826,8.679359
485332,Darmstadt-Kranichstein,49.906826,8.679359
47958,Darmstadt-Wixhausen,49.93075,8.647919
631053,Darmstadt-Wixhausen,49.93075,8.647919
46378,Dausenau,50.326866,7.758212
99062,Dausenau,50.326866,7.758212
299280,Deidesheim,49.408348,8.192634
473928,Deidesheim,49.408348,8.192634
153667,Dernbach(Westerw),50.457226,7.783693
291387,Dernbach(Westerw),50.457226,7.783693
493865,Dettingen(Main),50.042557,9.036807
501928,Dettingen(Main),50.042557,9.036807
605697,Diebach,50.12868,9.83766
76209,Dieburg,49.903645,8.840894
183711,Dieburg,49.903645,8.840894
248680,Dienheim,49.841354,8.35714
442895,Dienheim,49.841354,8.35714
24126,Dietzenbach Bahnhof,50.008064,8.785541
143575,Dietzenbach Bahnhof,50.008064,8.785541
206278,Dietzenbach Mitte,50.01766,8.789218
542192,Dietzenbach Mitte,50.01766,8.789218
157814,Dietzenbach-Steinberg,50.025707,8.792898
393295,Dietzenbach-Steinberg,50.025707,8.792898
514228,Diez,50.37013,8.01962
565921,Diez,50.37013,8.01962
153282,Diez Ost,50.376045,8.038587
544474,Diez Ost,50.376045,8.038587
232587,Dillbrecht,50.80162,8.20389
430685,Dillenburg,50.734943,8.294621
541789,Distelhausen,49.598232,9.683508
124415,Dittigheim,49.607964,9.674912
596311,Dorfprozelten,49.779377,9.38216
287549,Dorheim(Wetterau),50.352703,8.79051
531715,Dorheim(Wetterau),50.352703,8.79051
439876,Dortelweil,50.207615,8.751267
472776,Dortelweil,50.207615,8.751267
127365,Dreieich-Buchschlag,50.022476,8.661151
376525,Dreieich-Buchschlag,50.022476,8.661151
310456,Dreieich-Dreieichenhain,49.998466,8.708693
401552,Dreieich-Dreieichenhain,49.998466,8.708693
174014,Dreieich-Götzenhain,49.994026,8.732699
425782,Dreieich-Götzenhain,49.994026,8.732699
191854,Dreieich-Offenthal,49.98185,8.74964
385166,Dreieich-Offenthal,49.98185,8.74964
190902,Dreieich-Sprendlingen,50.014835,8.689306
213685,Dreieich-Sprendlingen,50.014835,8.689306
154601,Dreieich-Weibelfeld,50.007084,8.700922
399258,Dreieich-Weibelfeld,50.007084,8.700922
363618,Dreikirchen,50.449863,7.958384
511946,Dreikirchen,50.449863,7.958384
420280,Dutenhofen(Wetzlar),50.564335,8.598572
649385,Dutenhofen(Wetzlar),50.564335,8.598572
66524,Eberbach,49.465767,8.984152
166085,Eberbach,49.465767,8.984152
115754,Ebertsheim,49.564003,8.108237
502679,Ebertsheim,49.564003,8.108237
247761,Echzell,50.389805,8.890353
650265,Echzell,50.389805,8.890353
146272,Eckartshausen-Ilshofen,49.152317,9.936645
89633,Eddersheim,50.039494,8.456741
415430,Eddersheim,50.039494,8.456741
540858,Edelfingen,49.513023,9.743113
340938,Edenkoben,49.282055,8.14062
351460,Edenkoben,49.282055,8.14062
379435,Edesheim(Pfalz),49.263737,8.139075
488467,Edesheim(Pfalz),49.263737,8.139075
609772,Edingen(Wetzlar),50.632362,8.323007
625115,Edingen(Wetzlar),50.632362,8.323007
203315,Effolderbach,50.338192,9.007483
371727,Effolderbach,50.338192,9.007483
274600,Egelsbach,49.969112,8.653632
341041,Egelsbach,49.969112,8.653632
4601,Eggenstein Bf,49.075672,8.397941
105845,Eggenstein Bf,49.075672,8.397941
969,"Eggenstein Schweriner Straße, Eggenstein-Leopoldsh",49.085724,8.402144
541241,"Eggenstein Schweriner Straße, Eggenstein-Leopoldsh",49.085724,8.402144
71479,"Eggenstein Spöcker Weg, Eggenstein-Leopoldshafen",49.079746,8.399657
495103,"Eggenstein Spöcker Weg, Eggenstein-Leopoldshafen",49.079746,8.399657
201996,"Eggenstein Süd, Eggenstein-Leopoldshafen",49.071426,8.396256
532953,"Eggenstein Süd, Eggenstein-Leopoldshafen",49.071426,8.396256
129494,Ehr,50.17572,7.571324
366491,Ehr,50.17572,7.571324
30400,Ehringshausen(Kr Wetzlar),50.595066,8.383841
621012,Ehringshausen(Kr Wetzlar),50.595066,8.383841
280129,Ehringshausen(Oberhess),50.70878,9.101862
380520,Eichenzell,50.494144,9.694439
24608,Eicholzheim,49.432438,9.290317
123564,Eicholzheim,49.432438,9.290317
434004,Einsiedlerhof,49.431004,7.662216
551794,Einsiedlerhof,49.431004,7.662216
331847,Eisenberg(Pfalz),49.55448,8.070582
413757,Eisenberg(Pfalz),49.55448,8.070582
559436,Eiserfeld(Sieg),50.847298,7.987071
220853,Elfershausen-Trimberg,50.14048,9.969109
131920,Ellhofen,49.149952,9.316035
500885,Ellhofen,49.149952,9.316035
69620,"Elmstein, Bahnhof",49.349842,7.942877
443958,"Elmstein, Bahnhof",49.349842,7.942877
374837,Elpersheim,49.473095,9.873427
118528,Elz(Limburg/Lahn),50.414295,8.038458
288475,Elz(Limburg/Lahn),50.414295,8.038458
264495,Elz(Limburg/Lahn) Süd,50.40871,8.032223
507440,Elz(Limburg/Lahn) Süd,50.40871,8.032223
351802,Emmelshausen,50.157673,7.560494
445795,Emmelshausen,50.157673,7.560494
470790,Enkenbach,49.489933,7.899501
502964,Enkenbach,49.489933,7.899501
90283,Enspel,50.616413,7.882353
421546,Enspel,50.616413,7.882353
41582,Eppelsheim(Rheinhess),49.70006,8.162882
83776,Eppelsheim(Rheinhess),49.70006,8.162882
69580,Eppertshausen,49.94537,8.84236
433349,Eppertshausen,49.94537,8.84236
314729,Eppingen,49.136,8.914663
481488,Eppingen,49.136,8.914663
259208,Eppingen West,49.132618,8.904556
311821,Eppingen West,49.132618,8.904556
346,Eppstein,50.13983,8.387643
226745,Eppstein,50.13983,8.387643
108682,Eppstein-Bremthal,50.14115,8.364353
318374,Eppstein-Bremthal,50.14115,8.364353
521590,Erbach(Odenw),49.65671,8.989827
625971,Erbach(Odenw),49.65671,8.989827
317988,Erbach(Odenw) Nord,49.669582,8.989963
585937,Erbach(Odenw) Nord,49.669582,8.989963
12571,"Erfenstein, Haltepunkt",49.35309,8.017518
599185,"Erfenstein, Haltepunkt",49.35309,8.017518
354432,Erlenbach(Main),49.803635,9.154436
629848,Erlenbach(Main),49.803635,9.154436
414963,Erndtebrück,50.991234,8.255317
144004,Ernsthausen,50.97959,8.731855
77698,Erpolzheim,49.488327,8.210697
536158,Erpolzheim,49.488327,8.210697
365870,Erzhausen,49.950867,8.650993
608975,Erzhausen,49.950867,8.650993
106423,Eschborn,50.14362,8.560971
324852,Eschborn,50.14362,8.560971
897,Eschborn Süd,50.133564,8.578487
457582,Eschborn Süd,50.133564,8.578487
65820,Eschelbronn,49.323982,8.867796
99877,Eschelbronn,49.323982,8.867796
381421,Eschenau(b Heilbronn),49.143784,9.402735
101829,Eschhofen,50.393482,8.104429
231437,Eschhofen,50.393482,8.104429
174325,Etzbach,50.781345,7.687565
268558,Eubigheim,49.50173,9.538015
405572,Fachingen(Lahn),50.361782,7.992566
661949,Fachingen(Lahn),50.361782,7.992566
15519,Faulbach(Main),49.786934,9.437614
147103,Ferndorf(Siegen),50.959454,8.009227
232970,Feudingen,50.940796,8.329337
222645,Flehingen,49.084595,8.782727
295651,Flehingen,49.084595,8.782727
406681,Flieden,50.42177,9.577568
428998,Flomersheim,49.513958,8.333801
512279,Flomersheim,49.513958,8.333801
535936,Flörsheim(Main),50.017212,8.431013
667985,Flörsheim(Main),50.017212,8.431013
197277,"Frankeneck, Bahnhof",49.375153,8.050657
539343,"Frankeneck, Bahnhof",49.375153,8.050657
88565,Frankenstein(Pfalz),49.438866,7.969802
420391,Frankenstein(Pfalz),49.438866,7.969802
371416,Frankenthal Hbf,49.53557,8.349702
649657,Frankenthal Hbf,49.53557,8.349702
536937,Frankenthal Süd,49.522648,8.349558
595348,Frankenthal Süd,49.522648,8.349558
173788,Frankfurt (Main) Süd (FlixTrain),50.099857,8.685935
354637,Frankfurt (Main) Süd (FlixTrain),50.099857,8.685935
254212,Frankfurt Hbf (tief),50.10711,8.662561
518383,Frankfurt Hbf (tief),50.10711,8.662561
460831,Frankfurt am Main - Stadion,50.06823,8.633247
530022,Frankfurt am Main - Stadion,50.06823,8.633247
23797,Frankfurt(M) Flughafen Fernbf,50.053165,8.570185
280095,Frankfurt(M) Flughafen Fernbf,50.053165,8.570185
441702,Frankfurt(M) Flughafen Regionalbf,50.05122,8.571251
566166,Frankfurt(M) Flughafen Regionalbf,50.05122,8.571251
214335,Frankfurt(M)Galluswarte,50.10403,8.64472
466262,Frankfurt(M)Galluswarte,50.10403,8.64472
503137,Frankfurt(M)Hauptwache,50.113926,8.678947
585687,Frankfurt(M)Hauptwache,50.113926,8.678947
193732,Frankfurt(M)Konstablerwache,50.114624,8.687098
631305,Frankfurt(M)Konstablerwache,50.114624,8.687098
25352,Frankfurt(M)Lokalbahnhof,50.102173,8.693025
124292,Frankfurt(M)Lokalbahnhof,50.102173,8.693025
93724,Frankfurt(M)Mühlberg,50.101913,8.700606
548894,Frankfurt(M)Mühlberg,50.101913,8.700606
406037,Frankfurt(M)Ostendstraße,50.11256,8.696987
490948,Frankfurt(M)Ostendstraße,50.11256,8.696987
221936,Frankfurt(M)Stresemannallee,50.094368,8.671268
652954,Frankfurt(M)Stresemannallee,50.094368,8.671268
291462,Frankfurt(M)Taunusanlage,50.113564,8.668864
583021,Frankfurt(M)Taunusanlage,50.113564,8.668864
101410,Frankfurt(Main)-Gateway Gardens,50.056576,8.594495
136382,Frankfurt(Main)-Gateway Gardens,50.056576,8.594495
540068,Frankfurt(Main)Hbf,50.10668,8.662828
549710,Frankfurt(Main)Hbf,50.10668,8.662828
276014,Frankfurt(Main)Messe,50.111736,8.643518
567150,Frankfurt(Main)Messe,50.111736,8.643518
11963,Frankfurt(Main)Ost,50.112576,8.70864
606163,Frankfurt(Main)Ost,50.112576,8.70864
134555,Frankfurt(Main)Süd,50.099365,8.686457
424300,Frankfurt(Main)Süd,50.099365,8.686457
5560,Frankfurt(Main)West,50.1193,8.639395
38765,Frankfurt(Main)West,50.1193,8.639395
177702,Frankfurt-Berkersheim,50.176487,8.697827
228319,Frankfurt-Berkersheim,50.176487,8.697827
154576,Frankfurt-Eschersheim,50.1583,8.65521
563977,Frankfurt-Eschersheim,50.1583,8.65521
444254,Frankfurt-Frankfurter Berg,50.170223,8.676557
654494,Frankfurt-Frankfurter Berg,50.170223,8.676557
559529,Frankfurt-Ginnheim,50.142998,8.64314
604712,Frankfurt-Ginnheim,50.142998,8.64314
18084,Frankfurt-Griesheim,50.094334,8.606394
181936,Frankfurt-Griesheim,50.094334,8.606394
549411,Frankfurt-Höchst,50.102634,8.54237
567643,Frankfurt-Höchst,50.102634,8.54237
413318,Frankfurt-Höchst Farbwerke,50.098454,8.52832
555783,Frankfurt-Höchst Farbwerke,50.098454,8.52832
223863,Frankfurt-Louisa,50.083958,8.670369
288966,Frankfurt-Louisa,50.083958,8.670369
72279,Frankfurt-Mainkur,50.1346,8.767437
576675,Frankfurt-Mainkur,50.1346,8.767437
111310,Frankfurt-Nied,50.10252,8.570734
424062,Frankfurt-Nied,50.10252,8.570734
236448,Frankfurt-Niederrad,50.080997,8.637013
356383,Frankfurt-Niederrad,50.080997,8.637013
116505,Frankfurt-Rödelheim,50.124615,8.607026
512649,Frankfurt-Rödelheim,50.124615,8.607026
415852,Frankfurt-Sindlingen,50.087498,8.512259
462883,Frankfurt-Sindlingen,50.087498,8.512259
493098,Frankfurt-Unterliederbach,50.107964,8.527994
659710,Frankfurt-Unterliederbach,50.107964,8.527994
294504,Frankfurt-Zeilsheim,50.090122,8.506011
638298,Frankfurt-Zeilsheim,50.090122,8.506011
539497,Freimersheim(Rheinh),49.710777,8.086508
670318,Freimersheim(Rheinh),49.710777,8.086508
56493,Freinsheim,49.50149,8.205192
262261,Freinsheim,49.50149,8.205192
264291,Freudenberg-Kirschfurt,49.743755,9.317981
647150,Freudenberg-Kirschfurt,49.743755,9.317981
411960,Freusburg Siedlung,50.815983,7.897253
240377,Frickhofen,50.50491,8.030676
243732,Frickhofen,50.50491,8.030676
100069,Friedberg Süd,50.32028,8.747646
232677,Friedberg Süd,50.32028,8.747646
157054,Friedberg(Hess),50.332607,8.762056
353053,Friedberg(Hess),50.332607,8.762056
341514,Friedelhausen,50.671608,8.710961
270645,Friedensdorf(Lahn),50.85746,8.560747
252128,Friedrichsdorf(Taunus),50.25249,8.644776
568822,Friedrichsdorf(Taunus),50.25249,8.644776
93090,Friedrichssegen,50.311954,7.650733
356440,Friedrichssegen,50.311954,7.650733
112542,Friedrichstal Mitte,49.10453,8.475308
115885,Friedrichstal Mitte,49.104156,8.475209
273582,Friedrichstal Mitte,49.104156,8.475209
573551,Friedrichstal Mitte,49.10453,8.475308
91169,Friedrichstal Nord,49.109264,8.476656
167962,Friedrichstal Nord,49.108574,8.476404
183341,Friedrichstal Nord,49.108574,8.476404
474598,Friedrichstal Nord,49.109264,8.476656
28527,Friedrichstal St-Riquier-Platz,49.101162,8.474464
193917,Friedrichstal St-Riquier-Platz,49.10087,8.474347
234902,Friedrichstal St-Riquier-Platz,49.10087,8.474347
578212,Friedrichstal St-Riquier-Platz,49.101162,8.474464
127148,Friedrichstal(Baden),49.10097,8.474139
278290,Friedrichstal(Baden),49.10097,8.474139
678144,Fronhausen(Lahn),50.70606,8.699123
333271,Fulda,50.554905,9.684169
286283,Fulda (FlixTrain),50.55459,9.683728
104012,Fürfurt,50.430492,8.253138
226125,Fürfurt,50.430492,8.253138
79115,Fürth(Odenw),49.648533,8.781003
131323,Fürth(Odenw),49.648533,8.781003
393390,Gamburg(Tauber),49.698296,9.59558
509941,Gau Algesheim,49.961433,8.016065
625879,Gau Algesheim,49.961433,8.016065
3093,Gau Bickelheim,49.840294,8.020291
647564,Gau Bickelheim,49.840294,8.020291
144934,Gaubüttelbrunn,49.634438,9.854452
677439,Geilhausen,50.7715,7.638723
14458,Gelnhausen,50.196342,9.189278
126225,Gelnhausen,50.196342,9.189278
45939,Gemmingen,49.151295,8.984648
163472,Gemmingen,49.151295,8.984648
76416,Gemmingen West,49.154514,8.977553
115793,Gemmingen West,49.154514,8.977553
533384,Gemünden(Main),50.05002,9.699894
283930,Gensingen-Horrweiler,49.89826,7.938188
404527,Gensingen-Horrweiler,49.89826,7.938188
278514,Gerlachsheim,49.581036,9.710819
234262,Germersheim,49.225403,8.365282
411039,Germersheim,49.225403,8.365282
312739,Germersheim Mitte/Rhein,49.219875,8.379305
533725,Germersheim Mitte/Rhein,49.219875,8.379305
350956,Germersheim Süd/Nolte,49.20834,8.373755
633177,Germersheim Süd/Nolte,49.20834,8.373755
505749,Gernsheim,49.753597,8.4902
627588,Gernsheim,49.753597,8.4902
124261,Geroldshausen,49.68735,9.90381
554277,Gersfeld(Rhön),50.449394,9.914389
112621,Gettenau-Bingenheim,50.379696,8.885976
608293,Gettenau-Bingenheim,50.379696,8.885976
311950,Gießen,50.57906,8.661462
419884,Gießen,50.57906,8.661462
73472,Gießen Licher Str,50.58167,8.697242
240095,Gießen Licher Str,50.58167,8.697242
410057,Gießen Oswaldsgarten,50.58817,8.668969
652150,Gießen Oswaldsgarten,50.58817,8.668969
233640,Girod,50.45433,7.902936
292889,Girod,50.45433,7.902936
60731,Glanzstoffwerke,49.828552,9.152309
616065,Glanzstoffwerke,49.828552,9.152309
60590,Glauburg-Glauberg,50.313435,8.996226
220353,Glauburg-Glauberg,50.313435,8.996226
140630,Glauburg-Stockheim,50.327057,9.010123
518870,Glauburg-Stockheim,50.327057,9.010123
110353,Gochsheim(Baden),49.10941,8.744695
205990,Gochsheim(Baden),49.10941,8.744695
212516,Godramstein,49.20685,8.076028
436370,Godramstein,49.20685,8.076028
30939,Goldhausen,50.461437,7.873057
195716,Goldhausen,50.461437,7.873057
92255,Gondelsheim Schlossstadion,49.06574,8.662867
377382,Gondelsheim Schlossstadion,49.06574,8.662867
311049,Gondelsheim(Baden),49.059704,8.660281
551320,Gondelsheim(Baden),49.059704,8.660281
597668,Goßfelden,50.868313,8.738417
503057,Graben-Neudorf,49.161797,8.49063
654898,Graben-Neudorf,49.161797,8.49063
266255,Graben-Neudorf Nord,49.17796,8.494096
502175,Graben-Neudorf Nord,49.17796,8.494096
42802,Grombach,49.226147,8.996902
189724,Grombach,49.226147,8.996902
103606,Groß Gerau,49.924885,8.485954
471991,Groß Gerau,49.924885,8.485954
586444,Groß Gerau-Dornberg,49.912277,8.494709
613677,Groß Gerau-Dornberg,49.912277,8.494709
90561,Groß Gerau-Dornheim,49.877506,8.493656
155240,Groß Gerau-Dornheim,49.877506,8.493656
60163,Groß Karben,50.23184,8.753528
568419,Groß Karben,50.23184,8.753528
47738,Groß-Rohrheim,49.714066,8.476857
532856,Groß-Rohrheim,49.714066,8.476857
51606,Groß-Umstadt Klein-Umstadt,49.894367,8.938635
349907,Groß-Umstadt Klein-Umstadt,49.894367,8.938635
132104,Groß-Umstadt Mitte,49.864063,8.924707
281471,Groß-Umstadt Mitte,49.864063,8.924707
300964,Groß-Umstadt Wiebelsbach,49.833202,8.940897
316741,Groß-Umstadt Wiebelsbach,49.833202,8.940897
62846,Großauheim(Kr Hanau),50.10705,8.943837
96574,Großauheim(Kr Hanau),50.10705,8.943837
118846,Großen Buseck,50.60578,8.782073
607106,Großen Buseck,50.60578,8.782073
6802,Großen Linden,50.528297,8.662097
56365,Großen Linden,50.528297,8.662097
37403,Großenlüder,50.592937,9.550001
31338,Großkrotzenburg,50.087727,8.982792
519554,Großkrotzenburg,50.087727,8.982792
41652,Gräfendorf,50.11828,9.737162
260716,Gräveneck,50.451904,8.250757
279758,Gräveneck,50.451904,8.250757
40482,Grävenwiesbach,50.38224,8.458553
392302,Grävenwiesbach,50.38224,8.458553
562697,Grünberg(Oberhess),50.59659,8.959931
605776,Grünberg(Oberhess),50.59659,8.959931
582063,Grünebach Ort,50.77714,7.90235
293351,Grünebacherhütte,50.781654,7.891546
285152,Grünsfeld,49.604935,9.745447
110880,Grünstadt,49.564384,8.167962
644553,Grünstadt,49.564384,8.167962
609693,Grünstadt Nord,49.573357,8.170781
633305,Grünstadt Nord,49.573357,8.170781
19173,Gummersbach,51.023632,7.56631
181845,Gundelsheim(Neckar),49.282932,9.15787
589371,Gundelsheim(Neckar),49.282932,9.15787
356527,Gundersheim(Rheinhess),49.690166,8.196596
669291,Gundersheim(Rheinhess),49.690166,8.196596
192246,Guntersblum,49.79198,8.351257
525638,Guntersblum,49.79198,8.351257
82243,Göbelnrod,50.59763,8.921448
110106,Göbelnrod,50.59763,8.921448
356593,Gölshausen Industriegebiet,49.051804,8.739879
529351,Gölshausen Industriegebiet,49.051804,8.739879
288505,Hachenburg,50.664,7.822895
238809,Hadamar,50.4469,8.043513
277939,Hadamar,50.4469,8.043513
113268,Haiger,50.741207,8.221679
643848,Haiger Obertor,50.740864,8.20225
9768,Hailer-Meerholz,50.18967,9.150665
87266,Hailer-Meerholz,50.18967,9.150665
98864,Hainburg Hainstadt,50.078114,8.938135
478573,Hainburg Hainstadt,50.078114,8.938135
422845,Hainstadt(Baden),49.543056,9.326884
503342,Hainstadt(Baden),49.543056,9.326884
81357,Haitz-Höchst,50.208633,9.226821
528211,Haitz-Höchst,50.208633,9.226821
95906,Hammelburg,50.12004,9.882966
193648,Hammelburg Ost,50.11589,9.902111
294362,Hanau Hbf,50.120953,8.929
500073,Hanau Hbf,50.120953,8.929
285402,Hanau Klein-Auheim,50.100735,8.934288
626124,Hanau Klein-Auheim,50.100735,8.934288
98242,Hanau Nord,50.141434,8.925848
454590,Hanau Nord,50.141434,8.925848
157548,Hanau West,50.13195,8.908818
249040,Hanau West,50.13195,8.908818
149472,Hanau-Wilhelmsbad,50.14387,8.88325
616910,Hanau-Wilhelmsbad,50.14387,8.88325
46435,Hasloch(Main),49.789333,9.482125
73744,Hasselborn,50.406593,8.495336
403973,Hasselborn,50.406593,8.495336
459567,Hattersheim(Main),50.06788,8.489638
575504,Hattersheim(Main),50.06788,8.489638
365981,Hattert,50.676033,7.776343
53387,Hauenstein Mitte,49.19917,7.849564
265989,Hauenstein Mitte,49.19917,7.849564
65704,Hauenstein(Pfalz),49.201393,7.830006
246955,Hauenstein(Pfalz),49.201393,7.830006
403799,Haunetal-Neukirchen,50.77084,9.692546
455309,Hausen(Taunus),50.30775,8.507244
538556,Hausen(Taunus),50.30775,8.507244
267498,Haßloch(Pfalz),49.371956,8.253396
509079,Haßloch(Pfalz),49.371956,8.253396
84673,Haßmersheim,49.30403,9.154129
273733,Haßmersheim,49.30403,9.154129
29365,Heddesheim/Hirschberg,49.509407,8.633746
558164,Heddesheim/Hirschberg,49.509407,8.633746
133196,Heidelberg Central Station (FlixTrain),49.4039,8.675808
401959,Heidelberg Central Station (FlixTrain),49.4039,8.675808
486348,Heidelberg Hbf,49.40357,8.675442
604300,Heidelberg Hbf,49.40357,8.675442
497060,Heidelberg Orthopädie,49.409996,8.774913
611112,Heidelberg Orthopädie,49.409996,8.774913
205179,Heidelberg-Altstadt,49.415237,8.720887
477528,Heidelberg-Altstadt,49.415237,8.720887
179928,Heidelberg-Kirchheim/Rohrbach,49.37939,8.675383
196657,Heidelberg-Kirchheim/Rohrbach,49.37939,8.675383
519636,Heidelberg-Pfaffengrund/Wieblingen,49.41193,8.64157
667707,Heidelberg-Pfaffengrund/Wieblingen,49.41193,8.64157
248622,Heidelberg-Schlierbach/Ziegelhausen,49.41531,8.760564
372930,Heidelberg-Schlierbach/Ziegelhausen,49.41531,8.760564
20269,Heidelberg-Weststadt/Südstadt,49.398323,8.688749
636732,Heidelberg-Weststadt/Südstadt,49.398323,8.688749
258983,Heidelsheim,49.10161,8.649483
486558,Heidelsheim,49.10161,8.649483
96317,Heidelsheim Nord,49.105114,8.645252
470269,Heidelsheim Nord,49.105114,8.645252
449697,Heidesheim(Rheinhess),49.997025,8.111318
483058,Heidesheim(Rheinhess),49.997025,8.111318
41044,Heigenbrücken,50.02261,9.380836
225179,Heilbr.-Böckingen Berufsschulzentrum,49.14037,9.181617
311640,Heilbr.-Böckingen Berufsschulzentrum,49.14037,9.181617
167001,Heilbronn Finanzamt,49.140526,9.23501
407007,Heilbronn Finanzamt,49.140526,9.23501
492191,Heilbronn Friedensplatz,49.14131,9.228776
603723,Heilbronn Friedensplatz,49.14131,9.228776
417965,Heilbronn Hans-Rießer-Straße,49.1626,9.219565
596676,Heilbronn Hans-Rießer-Straße,49.1626,9.219565
95699,Heilbronn Harmonie,49.141586,9.223006
454902,Heilbronn Harmonie,49.141586,9.223006
176100,Heilbronn Harmonie/Kunsthalle,49.142487,9.222599
394724,Heilbronn Harmonie/Kunsthalle,49.142487,9.222599
557508,Heilbronn Hauptbahnhof/Willy-Brandt-Pl.,49.142593,9.208356
591362,Heilbronn Hauptbahnhof/Willy-Brandt-Pl.,49.142593,9.208356
63557,Heilbronn Hbf,49.143307,9.207715
387815,Heilbronn Hbf,49.143307,9.207715
207048,Heilbronn Industrieplatz,49.15532,9.217886
556487,Heilbronn Industrieplatz,49.15532,9.217886
116600,Heilbronn Kaufland,49.170074,9.224687
236948,Heilbronn Kaufland,49.170074,9.224687
317531,Heilbronn Neckarturm,49.142654,9.213758
476158,Heilbronn Neckarturm,49.142654,9.213758
460649,Heilbronn Pfühlpark,49.139957,9.241382
507711,Heilbronn Pfühlpark,49.139957,9.241382
386442,Heilbronn Rathaus,49.141945,9.21906
668323,Heilbronn Rathaus,49.141945,9.21906
176398,Heilbronn Sülmertor,49.151318,9.220431
564980,Heilbronn Sülmertor,49.151318,9.220431
291470,Heilbronn Technisches Schulzentrum,49.148666,9.22149
560726,Heilbronn Technisches Schulzentrum,49.148666,9.22149
47815,Heilbronn Theater,49.146275,9.22215
522611,Heilbronn Theater,49.146275,9.22215
9317,Heilbronn Trappensee,49.14028,9.25257
248885,Heilbronn Trappensee,49.14028,9.25257
186025,Heiligenstein(Pfalz),49.28566,8.393726
228652,Heiligenstein(Pfalz),49.28566,8.393726
294734,Heinebach,51.04574,9.664423
36996,Heinzenhausen,49.625595,7.607437
266676,Heinzenhausen,49.625595,7.607437
33159,"Helmbach, Bahnhof",49.343346,7.985996
314848,"Helmbach, Bahnhof",49.343346,7.985996
88451,Helmsheim,49.08575,8.651336
299331,Helmsheim,49.08575,8.651336
33564,Helmstadt(Baden),49.320087,8.97513
662489,Helmstadt(Baden),49.320087,8.97513
235550,Hemsbach,49.59087,8.648722
639662,Hemsbach,49.59087,8.648722
365711,Heppenheim(Bergstr),49.641552,8.633379
512076,Heppenheim(Bergstr),49.641552,8.633379
18543,Herbolzheim(Jagst),49.281494,9.259824
606063,Herbolzheim(Jagst),49.281494,9.259824
659351,Herborn(Dillkr),50.684406,8.30814
529182,Herdorf,50.778378,7.953179
75401,Hergershausen,49.936802,8.916575
315989,Hergershausen,49.936802,8.916575
239269,Herxheim am Berg,49.50949,8.190044
359476,Herxheim am Berg,49.50949,8.190044
31834,Hettenhausen,50.4484,9.814657
167852,Heusenstamm,50.06007,8.802202
447942,Heusenstamm,50.06007,8.802202
242138,Hilchenbach,50.99226,8.107146
259444,Hillnhütten,50.97278,8.071317
649633,Himmelstadt,49.92344,9.808214
216538,Hinterweidenthal,49.201538,7.747673
544013,Hinterweidenthal,49.201538,7.747673
472991,Hinterweidenthal Ort,49.1975,7.750568
603250,Hinterweidenthal Ort,49.1975,7.750568
362434,Hinterweidenthal Ost,49.203133,7.773047
437214,Hinterweidenthal Ost,49.203133,7.773047
175191,Hirschhorn(Neckar),49.44267,8.896055
645594,Hirschhorn(Neckar),49.44267,8.896055
142641,Hirschhorn(Pfalz),49.515587,7.681008
230793,Hirschhorn(Pfalz),49.515587,7.681008
399850,Hochhausen(Tauber),49.66381,9.633235
15453,Hochheim(Main),50.004307,8.350017
45172,Hochheim(Main),50.004307,8.350017
219672,Hochspeyer,49.444073,7.904164
333548,Hochspeyer,49.444073,7.904164
59150,Hochstetten,49.13357,8.41577
175544,Hochstetten,49.13357,8.41577
116970,"Hochstetten Altenheim, Linkenheim-Hochstetten",49.13254,8.418277
570068,"Hochstetten Altenheim, Linkenheim-Hochstetten",49.13254,8.418277
178963,Hochstetten Grenzstraße,49.129784,8.416037
346424,Hochstetten Grenzstraße,49.129784,8.416037
353835,Hochstätten(Pfalz),49.763344,7.829096
471837,Hochstätten(Pfalz),49.763344,7.829096
139107,Hockenheim,49.317413,8.537385
483540,Hockenheim,49.317413,8.537385
287298,Hoffenheim,49.272038,8.838411
394220,Hoffenheim,49.272038,8.838411
216758,Hofheim (Ried),49.659466,8.40897
297841,Hofheim (Ried),49.659466,8.40897
132524,Hofheim(Taunus),50.084473,8.443842
348580,Hofheim(Taunus),50.084473,8.443842
169886,Hohegrete,50.76484,7.642228
158781,Hohensülzen,49.621788,8.214173
172268,Hohensülzen,49.621788,8.214173
404410,Holzhausen(Kr Siegen),50.739323,8.135495
414247,Hundstadt,50.370907,8.469063
597389,Hundstadt,50.370907,8.469063
66563,Huttenheim,49.197163,8.472636
276287,Huttenheim,49.197163,8.472636
77247,Hähnlein-Alsbach,49.739624,8.606503
529870,Hähnlein-Alsbach,49.739624,8.606503
42147,Häuserhof,50.418575,8.938986
310123,Häuserhof,50.418575,8.938986
419010,Höchst Hetschbach,49.807716,8.983131
433155,Höchst Hetschbach,49.807716,8.983131
405906,Höchst Mümling-Grumbach,49.771755,8.985615
422705,Höchst Mümling-Grumbach,49.771755,8.985615
179767,Höchst(Odenw),49.7945,8.988549
412175,Höchst(Odenw),49.7945,8.988549
200946,Hösbach,49.999714,9.229008
367276,Hösbach,49.999714,9.229008
329611,Hünfeld,50.673313,9.762935
119096,Idstein(Taunus),50.21599,8.257264
319305,Idstein(Taunus),50.21599,8.257264
59269,Igersheim,49.493423,9.812535
68947,Imsweiler,49.597656,7.807976
478539,Imsweiler,49.597656,7.807976
384531,Ingelbach,50.688904,7.726214
77542,Ingelheim,49.976276,8.053716
214078,Ingelheim,49.976276,8.053716
319301,Ittlingen,49.18712,8.93458
329245,Ittlingen,49.18712,8.93458
300213,Jockgrim Bf,49.09229,8.272272
544917,Jockgrim Bf,49.09229,8.272272
543651,Jossa,50.232506,9.604178
206612,"KIT-Campus Nord Bahnhof, Eggenstein-Leopoldshafen",49.09707,8.43033
461012,"KIT-Campus Nord Bahnhof, Eggenstein-Leopoldshafen",49.09707,8.43033
312387,Kahl Kopp/Heide,50.079144,9.01577
397311,Kahl Kopp/Heide,50.079144,9.01577
294218,Kahl(Main),50.07687,9.005468
343483,Kahl(Main),50.07687,9.005468
461183,Kaiserslautern Galgenschanze,49.43549,7.744124
551203,Kaiserslautern Galgenschanze,49.43549,7.744124
63537,Kaiserslautern Hbf,49.43586,7.768627
643409,Kaiserslautern Hbf,49.43586,7.768627
254575,Kaiserslautern Pfaffwerk,49.434715,7.751248
552940,Kaiserslautern Pfaffwerk,49.434715,7.751248
514592,Kaiserslautern West,49.447536,7.749812
605439,Kaiserslautern West,49.447536,7.749812
85416,Kaiserslautern-Hohenecken,49.41579,7.699292
123437,Kaiserslautern-Hohenecken,49.41579,7.699292
112506,Kandel,49.07914,8.198025
275062,Kandel,49.07914,8.198025
48526,Karlsdorf,49.144485,8.547872
111335,Karlsdorf,49.144485,8.547872
156983,Karlsruhe-Neureut Kirchfeld,49.052914,8.388835
619931,Karlsruhe-Neureut Kirchfeld,49.052914,8.388835
180109,Karlstadt(Main),49.9629,9.768148
95048,Katzenfurt,50.61587,8.343086
590625,Katzenfurt,50.61587,8.343086
18788,Katzweiler,49.50008,7.700935
319194,Katzweiler,49.50008,7.700935
568803,Kelkheim,50.137264,8.44773
662766,Kelkheim,50.137264,8.44773
300984,Kelkheim-Hornau,50.147186,8.444645
380404,Kelkheim-Hornau,50.147186,8.444645
169552,Kelkheim-Münster,50.124874,8.461687
545092,Kelkheim-Münster,50.124874,8.461687
124741,Kelsterbach,50.06249,8.529479
153489,Kelsterbach,50.06249,8.529479
653223,Kennelgarten,49.440998,7.733013
657618,Kennelgarten,49.440998,7.733013
85490,Kerkerbach,50.40188,8.135717
529813,Kerkerbach,50.40188,8.135717
273323,Kindsbach,49.419373,7.612836
507181,Kindsbach,49.419373,7.612836
92863,Kirch Göns,50.473373,8.666869
440279,Kirch Göns,50.473373,8.666869
591717,Kirchen,50.806576,7.880509
539330,Kirchhain(Bz Kassel),50.82378,8.921399
506935,Kirchheim(Unterfr),49.65675,9.857713
43139,Kirchheim(Weinstr),49.537163,8.181452
447295,Kirchheim(Weinstr),49.537163,8.181452
54634,Kirchheimbolanden,49.668545,8.016526
525143,Kirchheimbolanden,49.668545,8.016526
458031,Klein Gerau,49.91985,8.51674
550313,Klein Gerau,49.91985,8.51674
20517,Klein Winternheim-Ober Olm,49.939713,8.206986
549982,Klein Winternheim-Ober Olm,49.939713,8.206986
157099,Kleingemünden,50.062992,9.687704
248070,Kleinheubach,49.721424,9.207476
315582,Kleinheubach,49.721424,9.207476
34668,Kleinostheim,50.002644,9.072252
649860,Kleinostheim,50.002644,9.072252
531379,Kleinwallstadt,49.87491,9.168168
538131,Kleinwallstadt,49.87491,9.168168
398667,Klingenberg(Main),49.781418,9.176549
616458,Klingenberg(Main),49.781418,9.176549
17874,Kloster Bronnbach,49.715145,9.543516
607546,Kloster Marienthal,50.738647,7.668528
223303,Knöringen-Essingen,49.237488,8.148229
412003,Knöringen-Essingen,49.237488,8.148229
85891,Koblenz Hbf,50.35093,7.588345
192731,Koblenz Hbf,50.35093,7.588345
130821,Koblenz Stadtmitte,50.35796,7.590024
439316,Koblenz Stadtmitte,50.35796,7.590024
75783,Koblenz-Lützel,50.36749,7.591607
216548,Koblenz-Lützel,50.36749,7.591607
332842,Koblenz-Moselweiß,50.349464,7.560646
611670,Koblenz-Moselweiß,50.349464,7.560646
461826,Kredenbach,50.963257,8.042776
317451,Kreimbach-Kaulbach,49.55149,7.631296
400855,Kreimbach-Kaulbach,49.55149,7.631296
645715,Kreuztal,50.956028,7.991696
512718,Kreuztal-Eichen,50.973866,7.977934
26850,Kreuztal-Littfeld,51.00719,7.987142
62406,Kriftel,50.08228,8.475448
308742,Kriftel,50.08228,8.475448
13577,Kronberg Süd,50.173306,8.529183
647032,Kronberg Süd,50.173306,8.529183
102131,Kronberg(Taunus),50.17992,8.516874
383418,Kronberg(Taunus),50.17992,8.516874
86787,Kälberau,50.09091,9.091445
426618,Kälberau,50.09091,9.091445
249375,Königshofen(Baden),49.54602,9.724669
54407,Königshofen(Kahl),50.058846,9.205986
535413,Königshofen(Kahl),50.058846,9.205986
506396,Königsstollen,50.776455,7.934575
242435,Königstein(Taunus),50.17795,8.468855
592960,Königstein(Taunus),50.17795,8.468855
565820,Köppern,50.269794,8.646746
653356,Köppern,50.269794,8.646746
7557,Ladenburg,49.474243,8.602803
582510,Ladenburg,49.474243,8.602803
472693,Lahntal-Sarnau,50.871197,8.756045
91739,Lambrecht(Pfalz),49.373337,8.074391
301359,Lambrecht(Pfalz),49.373337,8.074391
351240,"Lambrecht, Bahnhof",49.373337,8.074714
487614,"Lambrecht, Bahnhof",49.373337,8.074714
237066,Lambsheim,49.511864,8.283476
376990,Lambsheim,49.511864,8.283476
290523,Lampertheim,49.598213,8.478489
359887,Lampertheim,49.598213,8.478489
429679,Lampertsmühle-Otterbach,49.48366,7.729408
562881,Lampertsmühle-Otterbach,49.48366,7.729408
286732,Landau(Pfalz)Hbf,49.197742,8.126204
316835,Landau(Pfalz)Hbf,49.197742,8.126204
384232,Landau(Pfalz)Süd,49.189163,8.114176
457214,Landau(Pfalz)Süd,49.189163,8.114176
304016,Landau(Pfalz)West,49.195747,8.107052
440080,Landau(Pfalz)West,49.195747,8.107052
636160,Landstuhl,49.416286,7.565931
665821,Landstuhl,49.416286,7.565931
136202,Lang Göns,50.49692,8.667054
535733,Lang Göns,50.49692,8.667054
323219,Langen(Hess),49.99361,8.656787
472000,Langen(Hess),49.99361,8.656787
35054,Langen-Flugsicherung,50.005707,8.658565
332634,Langen-Flugsicherung,50.005707,8.658565
391543,Langenhahn,50.587536,7.914633
643742,Langenhahn Bahnhof,50.58752,7.914607
5368,Langenlonsheim,49.90137,7.899887
530208,Langenlonsheim,49.90137,7.899887
51866,Langenprozelten,50.061573,9.661384
72888,Langenselbold,50.162067,9.057682
316574,Langenselbold,50.162067,9.057682
167097,Laubenheim(Nahe),49.9188,7.897215
511140,Laubenheim(Nahe),49.9188,7.897215
274372,Lauda,49.565384,9.709512
31538,Laudenbach am Main,49.742527,9.179126
134884,Laudenbach am Main,49.742527,9.179126
83441,Laudenbach(Bergstr),49.612076,8.644539
219523,Laudenbach(Bergstr),49.612076,8.644539
126050,Laudenbach(Württ),49.45542,9.9231
308023,Laufach,50.01067,9.277692
480963,Laufach,50.01067,9.277692
426901,Lauffen(Neckar),49.076515,9.146136
673105,Lauffen(Neckar),49.076515,9.146136
218250,Laurenburg(Lahn),50.32955,7.905766
495280,Laurenburg(Lahn),50.32955,7.905766
634406,Lauterbach(Hess)Nord,50.643692,9.407491
385745,Lauterecken-Grumbach,49.65371,7.59071
568032,Lauterecken-Grumbach,49.65371,7.59071
502811,Lehnheim,50.60671,8.992076
516886,Lehnheim,50.60671,8.992076
652728,Leimstruth,50.990658,8.312789
211682,Leingarten,49.145065,9.121611
549162,Leingarten,49.145065,9.121611
332497,Leingarten Mitte,49.14563,9.112802
636505,Leingarten Mitte,49.14563,9.112802
79607,Leingarten Ost,49.144173,9.130958
216946,Leingarten Ost,49.144173,9.130958
163241,Leingarten West,49.145977,9.105799
518290,Leingarten West,49.145977,9.105799
95022,"Leopoldshafen Frankfurter Straße, Eggenstein-Leopo",49.100834,8.403753
651592,"Leopoldshafen Frankfurter Straße, Eggenstein-Leopo",49.100834,8.403753
58880,Leopoldshafen Leopoldstraße,49.097195,8.401099
618110,Leopoldshafen Leopoldstraße,49.097195,8.401099
516981,"Leopoldshafen Viermorgen, Eggenstein-Leopoldshafen",49.09047,8.400281
566277,"Leopoldshafen Viermorgen, Eggenstein-Leopoldshafen",49.09047,8.400281
235045,Leun/Braunfels,50.539913,8.366902
515773,Leun/Braunfels,50.539913,8.366902
374996,Lieblos,50.206783,9.145968
438442,Lieblos,50.206783,9.145968
341516,Liederbach,50.118633,8.486363
659612,Liederbach,50.118633,8.486363
60231,Liederbach-Süd,50.115417,8.501678
301203,Liederbach-Süd,50.115417,8.501678
77749,Limburg Süd,50.3825,8.096112
588997,Limburg Süd,50.3825,8.096112
122658,Limburg(Lahn),50.384117,8.062342
379561,Limburg(Lahn),50.384117,8.062342
30137,Limburgerhof,49.424274,8.390747
248474,Limburgerhof,49.424274,8.390747
163933,Lindach,49.41692,9.00646
444214,Lindach,49.41692,9.00646
153223,Lindenholzhausen,50.377563,8.133372
433723,Lindenholzhausen,50.377563,8.133372
446826,Lingenfeld,49.252583,8.349523
465162,Lingenfeld,49.252583,8.349523
78331,"Linkenheim Friedrichstraße, Linkenheim-Hochstetten",49.119686,8.409346
92349,"Linkenheim Friedrichstraße, Linkenheim-Hochstetten",49.119686,8.409346
406483,Linkenheim Rathaus,49.123188,8.408248
480438,Linkenheim Rathaus,49.123188,8.408248
37120,"Linkenheim Schulzentrum, Linkenheim-Hochstetten",49.127525,8.413486
133575,"Linkenheim Schulzentrum, Linkenheim-Hochstetten",49.127525,8.413486
183161,"Linkenheim Süd, Linkenheim-Hochstetten",49.116863,8.4116
249630,"Linkenheim Süd, Linkenheim-Hochstetten",49.116863,8.4116
324733,Lispenhausen,50.990246,9.766787
166122,Lohnweiler,49.63568,7.599712
600377,Lohnweiler,49.63568,7.599712
275299,Lohr Bahnhof,50.00441,9.580715
116002,Lollar,50.64787,8.701553
444692,Lollar,50.64787,8.701553
71924,Lorsbach,50.11489,8.422853
457386,Lorsbach,50.11489,8.422853
125784,Lorsch,49.659092,8.566262
288651,Lorsch,49.659092,8.566262
8664,Ludwigsau-Friedlos,50.896946,9.743237
92846,Ludwigshafen(Rh)Hbf,49.47653,8.433042
303891,Ludwigshafen(Rh)Hbf,49.47653,8.433042
144943,Ludwigshafen(Rhein) BASF Mitte,49.510014,8.432052
507760,Ludwigshafen(Rhein) BASF Mitte,49.510014,8.432052
632530,Ludwigshafen(Rhein) BASF Nord,49.519955,8.427878
637583,Ludwigshafen(Rhein) BASF Nord,49.519955,8.427878
215196,Ludwigshafen(Rhein) BASF Süd,49.494007,8.438885
326282,Ludwigshafen(Rhein) BASF Süd,49.494007,8.438885
468458,Ludwigshafen(Rhein) Mitte,49.479004,8.452152
656075,Ludwigshafen(Rhein) Mitte,49.479004,8.452152
268067,Ludwigshafen-Mundenheim,49.46157,8.421092
329231,Ludwigshafen-Mundenheim,49.46157,8.421092
37793,Ludwigshafen-Oggersheim,49.493187,8.381523
412209,Ludwigshafen-Oggersheim,49.493187,8.381523
347440,Ludwigshafen-Rheingönheim,49.44747,8.409493
393280,Ludwigshafen-Rheingönheim,49.44747,8.409493
81852,Löhnberg,50.509655,8.274636
467681,Löhnberg,50.509655,8.274636
365158,Lörzenbach-Fahrenbach,49.63885,8.764628
631628,Lörzenbach-Fahrenbach,49.63885,8.764628
451973,Lütter,50.480865,9.765486
96287,Lützel,50.967045,8.174364
224853,Maikammer-Kirrweiler,49.30558,8.147177
422055,Maikammer-Kirrweiler,49.30558,8.147177
161560,Mainaschaff,49.982407,9.085739
225408,Mainaschaff,49.982407,9.085739
209515,Mainhausen Zellhausen,50.0157,8.969994
673626,Mainhausen Zellhausen,50.0157,8.969994
273541,Maintal Ost,50.14234,8.836714
647722,Maintal Ost,50.14234,8.836714
476911,Maintal West,50.140987,8.805296
582852,Maintal West,50.140987,8.805296
319173,Mainz Hbf,50.001118,8.25872
464841,Mainz Hbf,50.001118,8.25872
336990,Mainz Nord,50.020065,8.246852
375204,Mainz Nord,50.020065,8.246852
431114,Mainz Römisches Theater,49.993465,8.277565
546703,Mainz Römisches Theater,49.993465,8.277565
9990,Mainz Waggonfabrik,50.014915,8.235108
645079,Mainz Waggonfabrik,50.014915,8.235108
127359,Mainz-Bischofsheim,49.993225,8.3575
674853,Mainz-Bischofsheim,49.993225,8.3575
505744,Mainz-Gonsenheim,49.997757,8.214478
622598,Mainz-Gonsenheim,49.997757,8.214478
334958,Mainz-Gustavsburg,49.99432,8.314197
445990,Mainz-Gustavsburg,49.99432,8.314197
66784,Mainz-Kastel,50.00658,8.283174
191960,Mainz-Kastel,50.00658,8.283174
17418,Mainz-Laubenheim,49.96123,8.314183
234705,Mainz-Laubenheim,49.96123,8.314183
161766,Mainz-Marienborn,49.960163,8.222902
607334,Mainz-Marienborn,49.960163,8.222902
84190,Mainz-Mombach,50.022774,8.22937
303077,Mainz-Mombach,50.022774,8.22937
59631,Mannheim ARENA/Maimarkt,49.459965,8.515928
399693,Mannheim ARENA/Maimarkt,49.459965,8.515928
305422,Mannheim Handelshafen/Jungbusch,49.492622,8.453917
635631,Mannheim Handelshafen/Jungbusch,49.492622,8.453917
208460,Mannheim Hbf,49.479355,8.468921
223566,Mannheim Hbf,49.479355,8.468921
321632,Mannheim-Friedrichsfeld Süd,49.438145,8.572382
378179,Mannheim-Friedrichsfeld Süd,49.438145,8.572382
213736,Mannheim-Käfertal,49.501556,8.503772
470569,Mannheim-Käfertal,49.501556,8.503772
166522,Mannheim-Luzenberg,49.5172,8.477775
489182,Mannheim-Luzenberg,49.5172,8.477775
534895,Mannheim-Neckarau,49.455544,8.494792
552415,Mannheim-Neckarau,49.455544,8.494792
241940,Mannheim-Neckarstadt,49.50363,8.459566
416091,Mannheim-Neckarstadt,49.50363,8.459566
122356,Mannheim-Rheinau,49.42409,8.534944
173563,Mannheim-Rheinau,49.42409,8.534944
86151,Mannheim-Seckenheim,49.451263,8.53844
583436,Mannheim-Seckenheim,49.451263,8.53844
112418,Mannheim-Waldhof,49.52566,8.482603
513236,Mannheim-Waldhof,49.52566,8.482603
441130,Marburg Süd,50.794468,8.762431
264461,Marburg(Lahn),50.81927,8.775014
572349,Markelsheim,49.478264,9.835418
22817,Mauer(b Heidelberg),49.3358,8.795545
615863,Mauer(b Heidelberg),49.3358,8.795545
350006,Meckesheim,49.32066,8.812836
603978,Meckesheim,49.32066,8.812836
234266,Melbach,50.37889,8.811518
291369,Melbach,50.37889,8.811518
148441,Menzingen(Baden),49.136234,8.775067
542978,Menzingen(Baden),49.136234,8.775067
458643,Mertesheim,49.569195,8.133923
555581,Mertesheim,49.569195,8.133923
311127,Messel,49.921783,8.746587
592084,Messel,49.921783,8.746587
186987,Mettenheim,49.739906,8.334166
531286,Mettenheim,49.739906,8.334166
88494,Michelaubrück,50.11671,9.767679
345796,Michelbach(Unterfr),50.099815,9.104496
638202,Michelbach(Unterfr),50.099815,9.104496
150872,Michelstadt,49.684856,9.001453
606993,Michelstadt,49.684856,9.001453
529738,Miltenberg,49.7064,9.248388
649275,Miltenberg,49.7064,9.248388
161358,Mittel Gründau,50.230797,9.119818
521337,Mittel Gründau,50.230797,9.119818
323602,Mittelsinn,50.191196,9.623423
425604,Monsheim,49.633667,8.208162
616139,Monsheim,49.633667,8.208162
19919,Montabaur,50.444836,7.825333
66854,Montabaur,50.444836,7.825333
247402,Monzingen,49.793465,7.588673
555002,Monzingen,49.793465,7.588673
70361,Moosbachtal,49.165955,7.754959
520201,Moosbachtal,49.165955,7.754959
308827,Morlesau,50.117146,9.799066
110399,Mosbach West,49.34677,9.134042
553641,Mosbach West,49.34677,9.134042
558128,Mosbach(Baden),49.35256,9.143655
611107,Mosbach(Baden),49.35256,9.143655
332617,Mosbach-Neckarelz,49.348484,9.113093
539946,Mosbach-Neckarelz,49.348484,9.113093
355987,Mudersbach,50.827477,7.951651
424070,Mußbach,49.37196,8.168529
430062,Mußbach,49.37196,8.168529
37566,Möckmühl,49.32079,9.357957
187561,Mömbris-Mensengesäß,50.07031,9.166218
216131,Mömbris-Mensengesäß,50.07031,9.166218
387820,Mömbris-Strötzbach,50.07947,9.156228
569238,Mömbris-Strötzbach,50.07947,9.156228
97872,Mörfelden,49.979,8.565384
330562,Mörfelden,49.979,8.565384
10816,Mörlenbach,49.597298,8.730987
580745,Mörlenbach,49.597298,8.730987
75186,Mücke(Hess),50.6171,9.029035
433358,Mücke(Hess),50.6171,9.029035
461422,Mühlheim(Main),50.119186,8.837922
655793,Mühlheim(Main),50.119186,8.837922
91883,Mühlheim(Main)-Dietesheim,50.120422,8.858175
573665,Mühlheim(Main)-Dietesheim,50.120422,8.858175
26758,Mühltal,49.832203,8.703318
239577,Mühltal,49.832203,8.703318
357156,Münchhausen,50.963623,8.717247
8598,Münchweiler(Alsenz),49.550606,7.887939
654374,Münchweiler(Alsenz),49.550606,7.887939
606382,Münchweiler(Rodalb),49.221355,7.700417
633424,Münchweiler(Rodalb),49.221355,7.700417
296284,Münster(Hessen),49.923515,8.853717
539759,Münster(Hessen),49.923515,8.853717
48354,Münster-Sarmsheim,49.947388,7.898033
264233,Münster-Sarmsheim,49.947388,7.898033
33857,Münzesheim,49.12608,8.716007
273093,Münzesheim,49.12608,8.716007
203653,Münzesheim Ost,49.12149,8.726215
422690,Münzesheim Ost,49.12149,8.726215
89171,Nackenheim,49.919106,8.341885
482449,Nackenheim,49.919106,8.341885
113092,Nassau(Lahn),50.31148,7.800691
152103,Nassau(Lahn),50.31148,7.800691
160433,Nauheim(b Gr.Gerau),49.94214,8.449929
642256,Nauheim(b Gr.Gerau),49.94214,8.449929
436437,Neckarbischofsheim Nord,49.30699,8.942342
478217,Neckarbischofsheim Nord,49.30699,8.942342
174379,Neckarburken,49.378204,9.163236
362741,Neckarburken,49.378204,9.163236
305370,Neckargemünd,49.393677,8.788425
306162,Neckargemünd,49.393677,8.788425
115848,Neckargemünd Altstadt,49.39239,8.802954
306719,Neckargemünd Altstadt,49.39239,8.802954
39903,Neckargerach,49.397907,9.074704
192741,Neckargerach,49.397907,9.074704
496379,Neckarhausen bei Neckarsteinach,49.416954,8.879703
640337,Neckarhausen bei Neckarsteinach,49.416954,8.879703
481913,Neckarsteinach,49.404907,8.841429
583122,Neckarsteinach,49.404907,8.841429
219407,Neckarsulm,49.189,9.219788
274093,Neckarsulm,49.189,9.219788
253919,Neckarsulm Mitte,49.193077,9.222717
555530,Neckarsulm Mitte,49.193077,9.222717
418960,Neckarsulm Nord,49.202095,9.228679
437261,Neckarsulm Nord,49.202095,9.228679
24293,Neckarsulm Süd,49.18033,9.220743
455155,Neckarsulm Süd,49.18033,9.220743
112014,Neckarzimmern,49.3169,9.137015
217860,Neckarzimmern,49.3169,9.137015
128103,Neidenfels,49.3862,8.045236
438258,Neidenfels,49.3862,8.045236
124619,Neidenstein,49.320236,8.890152
660470,Neidenstein,49.320236,8.890152
135946,Neu-Anspach,50.30096,8.51473
420071,Neu-Anspach,50.30096,8.51473
267975,Neu-Edingen/Friedrichsfeld,49.44867,8.580125
590467,Neu-Edingen/Friedrichsfeld,49.44867,8.580125
172796,Neu-Isenburg,50.05305,8.665609
435678,Neu-Isenburg,50.05305,8.665609
165286,Neudenau,49.28856,9.272064
485991,Neudenau,49.28856,9.272064
278927,Neuenstein,49.206135,9.583919
284561,Neuhof(Kr Fulda),50.45434,9.620322
238601,Neulußheim,49.2922,8.530075
438745,Neulußheim,49.2922,8.530075
359719,Neunkirchen(Kr Siegen),50.784702,8.006101
518243,"Neureut Adolf-Ehrmann-Bad, Karlsruhe",49.050827,8.385261
618757,"Neureut Adolf-Ehrmann-Bad, Karlsruhe",49.050827,8.385261
111912,Neustadt(Kr Marburg),50.85045,9.120643
293888,Neustadt(Weinstr) Süd,49.341553,8.157061
393231,Neustadt(Weinstr) Süd,49.341553,8.157061
212326,Neustadt(Weinstr)Hbf,49.349552,8.140757
355202,Neustadt(Weinstr)Hbf,49.349552,8.140757
26722,"Neustadt, Hauptbahnhof",49.349648,8.141584
227129,"Neustadt, Hauptbahnhof",49.349648,8.141584
84237,Neustadt-Böbig,49.354244,8.158313
259611,Neustadt-Böbig,49.354244,8.158313
311028,Nidda,50.411278,8.999197
659331,Nidda,50.411278,8.999197
181448,Nidderau,50.230827,8.880233
467438,Nidderau,50.230827,8.880233
304659,Nidderau-Eichen,50.255947,8.917491
508572,Nidderau-Eichen,50.255947,8.917491
80075,Nidderau-Windecken,50.225002,8.875676
102454,Nidderau-Windecken,50.225002,8.875676
413287,Nieder Flörsheim-Dalsheim,49.656902,8.204274
446181,Nieder Flörsheim-Dalsheim,49.656902,8.204274
117114,Nieder Olm,49.90553,8.20496
353216,Nieder Olm,49.90553,8.20496
10742,Nieder Wöllstadt,50.280296,8.767573
311008,Nieder Wöllstadt,50.280296,8.767573
268199,Nieder-Ohmen,50.644966,9.034133
498152,Nieder-Ohmen,50.644966,9.034133
116629,Niederbrechen,50.359596,8.159856
324488,Niederbrechen,50.359596,8.159856
69460,Niederdorfelden,50.193165,8.809034
385507,Niederdorfelden,50.193165,8.809034
623574,Niederdreisbach,50.755516,7.922511
269052,Niederdresselndorf,50.72121,8.136394
339996,Niedererbach,50.425076,7.97687
370236,Niedererbach,50.425076,7.97687
292153,Niederhadamar,50.43276,8.037069
523218,Niederhadamar,50.43276,8.037069
236804,Niederheimbach,50.036064,7.805471
547410,Niederheimbach,50.036064,7.805471
97889,Niederhöchstadt,50.154198,8.547237
443897,Niederhöchstadt,50.154198,8.547237
366396,Niederhövels,50.78629,7.788525
202245,Niederjosbach,50.149807,8.351017
274791,Niederjosbach,50.149807,8.351017
104643,Niederlahnstein,50.31639,7.599503
543683,Niederlahnstein,50.31639,7.599503
136664,Niedermittlau,50.178608,9.109264
146744,Niedermittlau,50.178608,9.109264
209700,Niedernhausen(Taunus),50.1597,8.312879
323011,Niedernhausen(Taunus),50.1597,8.312879
17098,Niederscheld(Dillkr)Süd,50.71773,8.3033
528171,Niederschelden,50.83925,7.965509
661881,Niederschelden Nord,50.84419,7.970657
593753,Niederselters,50.332542,8.22998
665768,Niederselters,50.332542,8.22998
380215,Niedersteinbach,50.086597,9.148562
472363,Niedersteinbach,50.086597,9.148562
374468,Niederstetten,49.403572,9.915079
561871,Niederwalgern,50.7366,8.708379
139643,Niederweimar,50.756744,8.73382
213546,Niederzeuzheim,50.468224,8.039687
533195,Niederzeuzheim,50.468224,8.039687
8019,Nierstein,49.872,8.34281
134785,Nierstein,49.872,8.34281
194653,Nievern,50.337383,7.681876
399721,Nievern,50.337383,7.681876
507754,Niklashausen,49.7017,9.613916
379879,Nistertal-Bad Marienberg,50.632114,7.90058
433341,Nistertal-Bad Marienberg,50.632114,7.90058
22372,Nordheim(Württ),49.109383,9.148811
255554,Nordheim(Württ),49.109383,9.148811
124106,Norheim,49.808807,7.812291
457305,Norheim,49.808807,7.812291
416280,Ober Ramstadt,49.83205,8.743744
534194,Ober Ramstadt,49.83205,8.743744
250298,Oberbimbach,50.57701,9.564232
188353,Oberbrechen,50.3545,8.187801
549633,Oberbrechen,50.3545,8.187801
65232,Oberderdingen-Flehingen,49.08397,8.775007
184220,Oberderdingen-Flehingen,49.08397,8.775007
158098,Obererbach,50.71991,7.659393
281921,Obernau,49.934536,9.136088
502222,Obernau,49.934536,9.136088
116330,Obernburg-Elsenfeld,49.840736,9.154222
143454,Obernburg-Elsenfeld,49.840736,9.154222
156761,Oberndorf(Wittgenstein),50.95224,8.300167
583532,Obernhof(Lahn),50.315945,7.853004
605716,Obernhof(Lahn),50.315945,7.853004
507052,Oberschefflenz,49.416924,9.27885
514643,Oberschefflenz,49.416924,9.27885
80558,Obersinn,50.20902,9.617798
218675,Obertshausen(Kr Of),50.072227,8.853417
273020,Obertshausen(Kr Of),50.072227,8.853417
308834,Oberursel(Taunus),50.199425,8.589409
539967,Oberursel(Taunus),50.199425,8.589409
89288,Oberursel-Stierstadt,50.185688,8.584694
538550,Oberursel-Stierstadt,50.185688,8.584694
134301,Oberursel-Weißkirchen/Steinbach,50.173244,8.586918
318763,Oberursel-Weißkirchen/Steinbach,50.173244,8.586918
200744,Oberwesel,50.10446,7.731542
584366,Oberwesel,50.10446,7.731542
110049,Oberzent-Hetzbach,49.5949,8.992856
296959,Oberzent-Hetzbach,49.5949,8.992856
265550,Oberzent-Kailbach,49.539337,9.077482
352130,Oberzent-Kailbach,49.539337,9.077482
437987,Oberzent-Schöllenbach,49.565937,9.067626
472056,Oberzent-Schöllenbach,49.565937,9.067626
61237,Oberöwisheim,49.14006,8.686232
456613,Oberöwisheim,49.14006,8.686232
92957,Ockenheim,49.950554,7.965441
576736,Ockenheim,49.950554,7.965441
329296,Odenheim Bf,49.17902,8.746388
495282,Odenheim Bf,49.17902,8.746388
211409,Odenheim West,49.182274,8.736492
434378,Odenheim West,49.182274,8.736492
132315,Offenau,49.246414,9.165293
258244,Offenau,49.246414,9.165293
559335,Offenbach(Main) Kaiserlei,50.105247,8.738471
665105,Offenbach(Main) Kaiserlei,50.105247,8.738471
261112,Offenbach(Main) Ledermuseum,50.105988,8.750485
663992,Offenbach(Main) Ledermuseum,50.105988,8.750485
113468,Offenbach(Main) Marktplatz,50.105854,8.763633
235437,Offenbach(Main) Marktplatz,50.105854,8.763633
30936,Offenbach(Main)Hbf,50.099262,8.760743
129437,Offenbach(Main)Hbf,50.099262,8.760743
110454,Offenbach(Main)Ost,50.10271,8.784424
617171,Offenbach(Main)Ost,50.10271,8.784424
9013,Offenbach-Bieber,50.09042,8.808589
444134,Offenbach-Bieber,50.09042,8.808589
487909,Offenbach-Waldhof,50.08169,8.828938
535884,Offenbach-Waldhof,50.08169,8.828938
530393,Oftersheim,49.373505,8.579013
628245,Oftersheim,49.373505,8.579013
27210,Okarben,50.252663,8.75335
512630,Okarben,50.252663,8.75335
174875,Olpe,51.027737,7.841447
561982,Olsbrücken,49.53807,7.652759
581682,Olsbrücken,49.53807,7.652759
145810,Oppenheim,49.85756,8.358078
624939,Oppenheim,49.85756,8.358078
129618,Osterburken,49.429657,9.422692
75582,Ostheim(Kr Hanau),50.2191,8.903381
198726,Ostheim(Kr Hanau),50.2191,8.903381
255358,Ostheim(b Butzbach),50.406467,8.675299
489946,Ostheim(b Butzbach),50.406467,8.675299
148046,Osthofen,49.70542,8.325988
534159,Osthofen,49.70542,8.325988
18033,Otzberg Lengfeld,49.839455,8.902737
462857,Otzberg Lengfeld,49.839455,8.902737
511780,Partenstein,50.03838,9.52399
132503,Pfungstadt,49.806225,8.607033
300299,Pfungstadt,49.806225,8.607033
55127,Philippsburg(Baden),49.23162,8.454023
339981,Philippsburg(Baden),49.23162,8.454023
64483,Pirmasens Hbf,49.205647,7.598432
501724,Pirmasens Hbf,49.205647,7.598432
140195,Pirmasens Nord,49.259216,7.604401
274759,Pirmasens Nord,49.259216,7.604401
394576,Ramsen,49.535187,8.022562
430359,Ramsen,49.535187,8.022562
71904,Ramstein,49.448753,7.556715
439291,Ramstein,49.448753,7.556715
432303,Ranstadt,50.35673,8.983134
616639,Ranstadt,50.35673,8.983134
242291,Raunheim,50.009712,8.454604
503772,Raunheim,50.009712,8.454604
19615,Reckweilerhof,49.606915,7.609127
102848,Reckweilerhof,49.606915,7.609127
195105,Reichelsheim(Wett),50.360054,8.874641
446357,Reichelsheim(Wett),50.360054,8.874641
55387,Reichenberg(Unterfr),49.73113,9.91289
270942,Reicholzheim,49.728516,9.527543
40140,Reihen,49.21643,8.920591
430956,Reihen,49.21643,8.920591
52121,Reilsheim,49.353966,8.778836
543920,Reilsheim,49.353966,8.778836
596642,Reinheim(Odenw),49.829807,8.835689
662276,Reinheim(Odenw),49.829807,8.835689
229660,Reisen(Hess),49.57797,8.720015
523138,Reisen(Hess),49.57797,8.720015
358373,Reiskirchen(Kr Gi),50.597996,8.830701
485113,Reiskirchen(Kr Gi),50.597996,8.830701
106866,Retzbach-Zellingen,49.90515,9.814214
29906,Rheinsheim,49.22906,8.415648
608919,Rheinsheim,49.22906,8.415648
296355,Rheinzabern Alte Römerstraße,49.109367,8.273057
550073,Rheinzabern Alte Römerstraße,49.109367,8.273057
597905,Rheinzabern Bf,49.119537,8.274166
603387,Rheinzabern Bf,49.119537,8.274166
478551,Rheinzabern Rappengasse,49.114838,8.273291
515811,Rheinzabern Rappengasse,49.114838,8.273291
436259,Rhens,50.28152,7.620484
453186,Rhens,50.28152,7.620484
592137,Richen(b Eppingen),49.167847,8.936554
604952,Richen(b Eppingen),49.167847,8.936554
620505,Ried,50.459236,9.769765
25376,Riedrode,49.647488,8.49595
354452,Riedrode,49.647488,8.49595
184862,Riedstadt-Goddelau,49.83323,8.489187
492684,Riedstadt-Goddelau,49.83323,8.489187
625398,Riedstadt-Wolfskehlen,49.853935,8.493098
671907,Riedstadt-Wolfskehlen,49.853935,8.493098
103380,Rieneck,50.091663,9.664138
173543,Rimbach,49.62735,8.757296
671695,Rimbach,49.62735,8.757296
275756,Rimbach Schulzentrum Bf,49.6223,8.75364
372131,Rimbach Schulzentrum Bf,49.6223,8.75364
279580,Rinnthal,49.217075,7.927918
585625,Rinnthal,49.217075,7.927918
548288,Rippberg,49.62472,9.291189
563002,Rippberg,49.62472,9.291189
128912,Rockenhausen,49.628384,7.81727
149145,Rockenhausen,49.628384,7.81727
290461,Rodalben,49.23895,7.632768
607222,Rodalben,49.23895,7.632768
147789,Rodenbach(Dillkr),50.77399,8.205263
245863,Rodenbach(b Hanau),50.14707,9.012153
424360,Rodenbach(b Hanau),50.14707,9.012153
474502,"Rodgau Weiskirchen, Bahnhof Mast 03",50.05257,8.877849
61139,Rodgau-Dudenhofen,50.010662,8.884482
591764,Rodgau-Dudenhofen,50.010662,8.884482
126036,Rodgau-Hainhausen,50.03914,8.875816
616982,Rodgau-Hainhausen,50.03914,8.875816
163529,Rodgau-Jügesheim,50.025955,8.878919
446907,Rodgau-Jügesheim,50.025955,8.878919
148571,Rodgau-Nieder Roden,49.996975,8.870071
492352,Rodgau-Nieder Roden,49.996975,8.870071
107723,Rodgau-Rollwald,49.987984,8.846545
417847,Rodgau-Rollwald,49.987984,8.846545
13289,Rodgau-Weiskirchen,50.052574,8.877828
498481,Rodheim v d Höhe,50.26783,8.695829
637353,Rodheim v d Höhe,50.26783,8.695829
102136,Roigheim,49.360832,9.341831
130790,Roigheim,49.360832,9.341831
351662,Ronshausen,50.946014,9.854425
5613,Rosbach v d Höhe,50.29834,8.700984
355104,Rosbach v d Höhe,50.29834,8.700984
181817,Rosbach(Sieg),50.79677,7.608767
622399,Rosenberg(Baden),49.457584,9.471425
124479,Rot-Malsch,49.243385,8.65221
389307,Rot-Malsch,49.243385,8.65221
511117,Rotenburg a.d. Fulda,50.997856,9.733344
270475,Rotenhain,50.60162,7.893375
337953,Rotenhain,50.60162,7.893375
394073,Roßbach(Pfalz),49.572113,7.623254
435055,Roßbach(Pfalz),49.572113,7.623254
224716,Runkel,50.4053,8.159441
336952,Runkel,50.4053,8.159441
227831,Rödermark-Ober Roden,49.97362,8.828961
434767,Rödermark-Ober Roden,49.97362,8.828961
467273,Rödermark-Urberach,49.975136,8.798159
560810,Rödermark-Urberach,49.975136,8.798159
408842,Rönshausen,50.478462,9.743398
285195,Rückersbacher Schlucht,50.019627,9.057186
372782,Rückersbacher Schlucht,50.019627,9.057186
3296,Rülzheim Bf,49.16087,8.290446
147057,Rülzheim Bf,49.16087,8.290446
95052,Rülzheim Freizeitzentrum,49.15159,8.279365
332436,Rülzheim Freizeitzentrum,49.15159,8.279365
557596,Rüsselsheim,49.99164,8.413583
606512,Rüsselsheim,49.99164,8.413583
148632,Rüsselsheim Opelwerk,49.988,8.400373
437311,Rüsselsheim Opelwerk,49.988,8.400373
6784,Saalburg(Taunus),50.283607,8.586492
236758,Saalburg(Taunus),50.283607,8.586492
307754,Saasen,50.59408,8.881774
435648,Saasen,50.59408,8.881774
362176,Sassenroth,50.77157,7.915248
16317,Saulheim,49.873806,8.154249
489882,Saulheim,49.873806,8.154249
218758,Schameder,50.997585,8.293102
568820,Scheppach,49.161644,9.434249
126346,Scheuerfeld(Sieg),50.79194,7.837031
270611,Schifferstadt,49.39291,8.364945
624937,Schifferstadt,49.39291,8.364945
33272,Schifferstadt Süd,49.37448,8.376973
596339,Schifferstadt Süd,49.37448,8.376973
345895,Schimborn,50.057762,9.186811
618029,Schimborn,50.057762,9.186811
47591,Schladern(Sieg),50.807007,7.592264
244366,Schlierbach(Schwalm-Eder-Kr.),50.968784,9.201445
660557,Schlüchtern,50.34118,9.510039
323906,Schmalnau,50.456013,9.787847
255515,Schneeberg im Odenwald,49.641098,9.250801
568824,Schneeberg im Odenwald,49.641098,9.250801
6084,Schneidhain,50.17267,8.451934
308952,Schneidhain,50.17267,8.451934
38142,Schopp,49.358868,7.687317
316117,Schopp,49.358868,7.687317
385040,Schrozberg,49.346916,9.974904
572536,Schutzbach,50.75849,7.903878
136938,Schwaigern Ost,49.140606,9.069348
425909,Schwaigern Ost,49.140606,9.069348
161075,Schwaigern(Württ),49.138367,9.05644
637509,Schwaigern(Württ),49.138367,9.05644
101739,Schwaigern(Württ) West,49.138813,9.042472
278089,Schwaigern(Württ) West,49.138813,9.042472
526657,Schwalbach(Taunus)Limes,50.154354,8.52797
630046,Schwalbach(Taunus)Limes,50.154354,8.52797
163073,Schwalbach(Taunus)Nord,50.15986,8.534777
498531,Schwalbach(Taunus)Nord,50.15986,8.534777
173127,Schwalmstadt-Wiera,50.881756,9.136277
495761,Schwetzingen,49.383434,8.578679
546256,Schwetzingen,49.383434,8.578679
275034,Schwetzingen Nordstadt,49.394554,8.571464
567486,Schwetzingen Nordstadt,49.394554,8.571464
272679,Schwetzingen-Hirschacker,49.4061,8.557187
569902,Schwetzingen-Hirschacker,49.4061,8.557187
74722,Schwäbisch Hall,49.10821,9.733359
477550,Schwäbisch Hall-Hessental,49.096733,9.767373
353150,Schöllkrippen,50.08584,9.244214
481426,Schöllkrippen,50.08584,9.244214
25443,Schöneck-Büdesheim,50.21495,8.8436
243471,Schöneck-Büdesheim,50.21495,8.8436
199748,Schöneck-Kilianstädten,50.20175,8.840486
269688,Schöneck-Kilianstädten,50.20175,8.840486
82359,Schöneck-Oberdorfelden,50.196148,8.823385
593685,Schöneck-Oberdorfelden,50.196148,8.823385
195314,Sechshelden Bahnhof Vmanderbach,50.748978,8.252791
327628,Seckach,49.44116,9.338469
358689,Seckach,49.44116,9.338469
299630,Seligenstadt(Hess),50.04146,8.967472
409043,Seligenstadt(Hess),50.04146,8.967472
580324,Sennfeld,49.37876,9.380518
226072,Seulberg,50.241905,8.646005
595629,Seulberg,50.241905,8.646005
162456,Siebeldingen-Birkweiler,49.20927,8.042565
446264,Siebeldingen-Birkweiler,49.20927,8.042565
322303,Siegen Hbf,50.87594,8.016508
21565,Siegen-Geisweid,50.91558,8.014352
481431,Siegen-Weidenau,50.895966,8.029842
86583,Siershahn,50.48594,7.771312
461362,Siershahn,50.48594,7.771312
174634,Siglingen,49.297436,9.305336
393901,Siglingen,49.297436,9.305336
647823,Simtshausen,50.941727,8.704144
378638,Sinn,50.649773,8.325126
448540,Sinn,50.649773,8.325126
288227,Sinsheim Museum/Arena,49.24137,8.899843
627524,Sinsheim Museum/Arena,49.24137,8.899843
138992,Sinsheim(Elsenz) Hbf,49.250355,8.8751
160246,Sinsheim(Elsenz) Hbf,49.250355,8.8751
252876,Solms,50.54568,8.406585
659050,Solms,50.54568,8.406585
490434,Sondernheim,49.19498,8.360272
651298,Sondernheim,49.19498,8.360272
419469,Spay,50.255543,7.645473
557480,Spay,50.255543,7.645473
146942,Speyer Hbf,49.32412,8.427949
504676,Speyer Hbf,49.32412,8.427949
200367,Speyer Nord-West,49.33359,8.419263
665281,Speyer Nord-West,49.33359,8.419263
306831,Sprendlingen(Rheinhess),49.858948,7.981795
325624,Sprendlingen(Rheinhess),49.858948,7.981795
15007,Spöck Hochhaus,49.11152,8.50091
220386,Spöck Hochhaus,49.11152,8.50091
467638,Spöck Hochhaus,49.111485,8.500201
476051,Spöck Hochhaus,49.111485,8.500201
304280,Spöck Richard-Hecht-Schule,49.112812,8.505114
527889,Spöck Richard-Hecht-Schule,49.112812,8.505114
345601,St Goar,50.150154,7.714587
607598,St Goar,50.150154,7.714587
113979,St Ilgen-Sandhausen,49.341267,8.668715
650833,St Ilgen-Sandhausen,49.341267,8.668715
172240,Stadtallendorf,50.825207,9.015296
500772,Stadtprozelten,49.783596,9.410979
369693,Staffel,50.399513,8.046017
568180,Staffel,50.399513,8.046017
150241,Staudernheim,49.780582,7.693103
347882,Staudernheim,49.780582,7.693103
252428,Steinalben,49.31624,7.651613
630529,Steinalben,49.31624,7.651613
144473,Steinau(Straße),50.31435,9.443162
265000,Steinefrenz,50.44842,7.938888
671838,Steinefrenz,50.44842,7.938888
136267,Steinheim(Main),50.12137,8.906852
463931,Steinheim(Main),50.12137,8.906852
530436,Steinsfurt,49.23582,8.907978
625854,Steinsfurt,49.23582,8.907978
636146,Sterbfritz,50.312866,9.625417
148952,Sterzhausen,50.861553,8.708698
173738,Stetten am Heuchelberg,49.136913,9.014726
205507,Stetten am Heuchelberg,49.136913,9.014726
221088,Stettfeld(Baden),49.178905,8.64374
558908,Stettfeld(Baden),49.178905,8.64374
251737,Stettfeld-Weiher,49.183624,8.636928
367867,Stettfeld-Weiher,49.183624,8.636928
40312,Stift Keppel-Allenbach,50.977962,8.09223
70922,Stockhausen(Lahn),50.540535,8.325365
578269,Stockhausen(Lahn),50.540535,8.325365
258318,Stockstadt(Main),49.976627,9.063369
635832,Stockstadt(Main),49.976627,9.063369
229095,Stockstadt(Rhein),49.809433,8.47244
639922,Stockstadt(Rhein),49.809433,8.47244
275625,Struthütten,50.78144,7.973309
326488,Sulzbach(Main),49.917973,9.146531
615732,Sulzbach(Main),49.917973,9.146531
63684,Sulzbach(Taunus)Nord,50.13877,8.51758
632785,Sulzbach(Taunus)Nord,50.13877,8.51758
389643,Sulzbachtal,49.522743,7.663672
496349,Sulzbachtal,49.522743,7.663672
444366,Sulzfeld(Baden),49.108173,8.852544
580926,Sulzfeld(Baden),49.108173,8.852544
281612,Sülzbach,49.14855,9.340458
637519,Sülzbach,49.14855,9.340458
439998,Sülzbach Schule,49.144833,9.351532
392743,Tauberbischofsheim,49.62363,9.658294
614944,Thaleischweiler-Fröschen,49.26126,7.578673
659547,Thaleischweiler-Fröschen,49.26126,7.578673
87887,Thüngersheim,49.877983,9.840298
290421,Trechtingshausen,50.00904,7.852359
508639,Trechtingshausen,50.00904,7.852359
383235,Treysa,50.91066,9.185673
7044,Ubstadt Ort,49.15675,8.625553
24701,Ubstadt Ort,49.15675,8.625553
180438,Ubstadt Salzbrunnenstr,49.15519,8.633025
506709,Ubstadt Salzbrunnenstr,49.15519,8.633025
204822,Ubstadt Uhlandstr.,49.162712,8.628827
481398,Ubstadt Uhlandstr.,49.162712,8.628827
39143,Ubstadt-Weiher,49.167023,8.623335
664154,Ubstadt-Weiher,49.167023,8.623335
426889,Uhlerborn,50.010674,8.142584
639070,Uhlerborn,50.010674,8.142584
167928,Unnau-Korb,50.654167,7.888829
139851,Untergriesheim,49.265102,9.222779
303220,Untergriesheim,49.265102,9.222779
353747,Untergrombach,49.08765,8.54829
600987,Untergrombach,49.08765,8.54829
230879,Unteröwisheim Bf,49.146343,8.668986
260657,Unteröwisheim Bf,49.146343,8.668986
354513,Unteröwisheim M.-Luther-Str.,49.146484,8.66202
485710,Unteröwisheim M.-Luther-Str.,49.146484,8.66202
127324,Usingen,50.33092,8.527254
470024,Usingen Bahnhof Nbussteig3,50.330936,8.527264
529164,Veitshöchheim,49.831432,9.876196
126316,Villmar,50.395653,8.187019
650947,Villmar,50.395653,8.187019
210799,Vogelweh,49.438534,7.706011
612718,Vogelweh,49.438534,7.706011
225376,Vormwald,50.98042,8.143094
624229,Vormwald Dorf,50.98993,8.127215
287699,Wachenheim(Pfalz),49.4393,8.191152
638513,Wachenheim(Pfalz),49.4393,8.191152
423528,Wackershofen,49.13725,9.697115
46752,Waghäusel,49.248184,8.508313
402761,Waghäusel,49.248184,8.508313
116664,Wahlbach(Kr Siegen),50.758415,8.053783
384963,Wahlheim,49.719105,8.09992
488881,Wahlheim,49.719105,8.09992
256863,Waibstadt,49.30094,8.919354
626944,Waibstadt,49.30094,8.919354
673260,Waldenburg(Württ),49.202538,9.658699
98598,Waldfischbach,49.288338,7.651516
561798,Waldfischbach,49.288338,7.651516
310740,Wallau(Lahn),50.922897,8.47001
100003,Walldorf(Hess),50.00134,8.580811
387737,Walldorf(Hess),50.00134,8.580811
401868,Walldürn,49.578022,9.367542
361817,Wallenrod,50.66406,9.331838
295498,Wallertheim,49.83265,8.049458
417221,Wallertheim,49.83265,8.049458
291937,Weckesheim,50.35956,8.843673
597499,Weckesheim,50.35956,8.843673
94736,Wehrheim,50.29635,8.56703
105119,Wehrheim,50.29635,8.56703
98509,Weickersgrüben,50.107067,9.782546
260375,Weidenthal,49.417496,7.994912
463566,Weidenthal,49.417496,7.994912
87195,Weikersheim,49.478462,9.905718
173250,Weilbach(Unterfr),49.668682,9.213165
203814,Weilbach(Unterfr),49.668682,9.213165
57100,Weilburg,50.487274,8.268435
558280,Weilburg,50.487274,8.268435
120638,Weingarten(Baden),49.0591,8.521224
558644,Weingarten(Baden),49.0591,8.521224
365408,Weinheim(Bergstr)Hbf,49.553303,8.665351
431500,Weinheim(Bergstr)Hbf,49.553303,8.665351
227819,Weinheim-Lützelsachsen,49.528076,8.650173
585004,Weinheim-Lützelsachsen,49.528076,8.650173
273879,Weinheim-Sulzbach,49.5758,8.65636
334708,Weinheim-Sulzbach,49.5758,8.65636
296797,Weinsberg,49.148,9.287024
556416,Weinsberg,49.148,9.287024
520042,Weinsberg West,49.151257,9.274027
667677,Weinsberg West,49.151257,9.274027
229155,Weinsberg/Ellhofen Gewerbegebiet,49.148758,9.305552
531695,Weinsberg/Ellhofen Gewerbegebiet,49.148758,9.305552
7556,Weisenheim(Sand),49.51393,8.249874
360294,Weisenheim(Sand),49.51393,8.249874
131477,Weiterstadt,49.909706,8.579385
240739,Weiterstadt,49.909706,8.579385
430867,Welgesheim-Zotzenheim,49.878574,7.956653
486243,Welgesheim-Zotzenheim,49.878574,7.956653
579829,Welkers,50.480995,9.722538
329336,Welschen Ennest,51.04197,8.00361
405020,Werdorf,50.59283,8.417263
556055,Werdorf,50.59283,8.417263
140467,Wernfeld,50.026066,9.725529
150904,Wertheim,49.762024,9.513095
44309,Wertheim-Bestenheid,49.786182,9.499932
242964,Westerburg,50.557644,7.966978
541830,Westerburg,50.557644,7.966978
95646,Westheim-Langendorf,50.125774,9.932748
275600,Wetter(Hessen),50.903713,8.729147
191640,Wetzlar,50.56563,8.503819
249616,Wetzlar,50.56563,8.503819
266222,Wiesbaden Hbf,50.07079,8.243731
305140,Wiesbaden Hbf,50.07079,8.243731
311672,Wiesbaden Ost,50.041065,8.256826
653010,Wiesbaden Ost,50.041065,8.256826
226838,Wiesbaden-Erbenheim,50.05506,8.2964
385320,Wiesbaden-Erbenheim,50.05506,8.2964
124314,Wiesbaden-Igstadt,50.08258,8.325635
270093,Wiesbaden-Igstadt,50.08258,8.325635
358881,Wiesenfeld,51.00752,8.749376
389935,Wiesental,49.225456,8.50239
402661,Wiesental,49.225456,8.50239
201874,Wieslensdorf,49.149796,9.422316
45288,Wiesloch-Walldorf,49.29135,8.664146
179200,Wiesloch-Walldorf,49.29135,8.664146
139048,Wiesthal,50.016956,9.440985
348772,Wildeck-Bosserode,50.945698,9.993002
534919,Wildeck-Hönebach,50.935432,9.944241
173472,Wilgartswiesen,49.209435,7.883823
674028,Wilgartswiesen,49.209435,7.883823
111288,Wilhelmsdorf,50.350147,8.480809
599956,Wilhelmsdorf,50.350147,8.480809
132324,Wilhelmshütte(Lahn),50.86838,8.550746
380770,Willmenrod,50.53933,7.985758
437355,Willmenrod,50.53933,7.985758
359148,Willsbach,49.14242,9.358868
676923,Wilnsdorf-Rudersdorf,50.839127,8.144083
104211,Wilsenroth,50.531296,8.032535
238391,Wilsenroth,50.531296,8.032535
389634,Winnweiler,49.57055,7.855955
452113,Winnweiler,49.57055,7.855955
123189,Wirges,50.468395,7.78521
140094,Wirges,50.468395,7.78521
103821,Wirtheim,50.22603,9.256539
549065,Wirtheim,50.22603,9.256539
242769,Wissen(Sieg),50.78287,7.739814
372156,Wittighausen,49.618404,9.846243
62524,Wolfgang(Kr Hanau),50.123463,8.958101
144837,Wolfgang(Kr Hanau),50.123463,8.958101
232600,Wolfsmünster,50.09451,9.734893
232079,Wolfstein,49.58428,7.610287
340524,Wolfstein,49.58428,7.610287
277642,Worms Hbf,49.63494,8.356448
413736,Worms Hbf,49.63494,8.356448
433249,Worms-Pfeddersheim,49.634632,8.279654
569958,Worms-Pfeddersheim,49.634632,8.279654
291111,Wächtersbach,50.25396,9.295828
571035,Wächtersbach,50.25396,9.295828
276030,Wölfersheim-Södel,50.397335,8.81622
501287,Wölfersheim-Södel,50.397335,8.81622
474828,Wörrstadt,49.846252,8.114712
577570,Wörrstadt,49.846252,8.114712
195692,Wörsdorf,50.24475,8.249323
223791,Wörsdorf,50.24475,8.249323
126149,Wörth(Main),49.793465,9.15696
171475,Wörth(Main),49.793465,9.15696
342793,Wörth(Rhein) Badallee,49.055996,8.249891
392251,Wörth(Rhein) Badallee,49.055996,8.249891
165703,Wörth(Rhein) Badepark,49.058563,8.24413
637124,Wörth(Rhein) Badepark,49.058563,8.24413
132725,Wörth(Rhein) Bürgerpark,49.050842,8.254267
607098,Wörth(Rhein) Bürgerpark,49.050842,8.254267
12738,Wörth(Rhein) Mozartstraße,49.055107,8.251944
309975,Wörth(Rhein) Mozartstraße,49.055107,8.251944
27831,Wörth(Rhein) Rathaus,49.05242,8.249809
307546,Wörth(Rhein) Rathaus,49.05242,8.249809
66980,Wörth(Rhein) Zügelstraße,49.052975,8.262016
226957,Wörth(Rhein) Zügelstraße,49.052975,8.262016
435067,Würgendorf,50.760014,8.141766
309941,Würgendorf (Ort),50.756916,8.126875
19716,Würzburg Hbf,49.801796,9.93578
228909,Würzburg Süd,49.788193,9.943503
188976,Würzburg-Heidingsfeld Ost,49.76113,9.953262
28766,Würzburg-Zell,49.80494,9.884593
26239,Zaisenhausen,49.104755,8.816664
258159,Zaisenhausen,49.104755,8.816664
307847,Zell-Romrod,50.727165,9.199797
11395,Zeppelinheim,50.036514,8.605153
612191,Zeppelinheim,50.036514,8.605153
508035,Zeutern Bf,49.17825,8.677521
582853,Zeutern Bf,49.17825,8.677521
162626,Zeutern Ost,49.17909,8.703363
563431,Zeutern Ost,49.17909,8.703363
41617,Zeutern Sportplatz,49.17799,8.67065
335970,Zeutern Sportplatz,49.17799,8.67065
336988,Zimmern(Main-Tauber),49.595356,9.79051
130056,Zimmern(b Seckach),49.430412,9.371975
628717,Zimmersrode,51.008144,9.225195
78259,Zotzenbach,49.609367,8.75322
472235,Zotzenbach,49.609367,8.75322
8087,Zuzenhausen,49.297394,8.821439
143168,Zuzenhausen,49.297394,8.821439
243375,Zwingenberg(Baden),49.41603,9.04283
524214,Zwingenberg(Baden),49.41603,9.04283
175987,Zwingenberg(Bergstr),49.725903,8.609119
565623,Zwingenberg(Bergstr),49.725903,8.609119
355679,Züttlingen,49.291656,9.329117
444142,Züttlingen,49.291656,9.329117
579171,Öhringen Hbf,49.203213,9.502705
428744,Öhringen West,49.20014,9.485804
483858,Öhringen-Cappel,49.20196,9.526919
